USE_MM,SBWY_ROUT_LN_NM,STTN,HR_4_GET_ON_NOPE,HR_4_GET_OFF_NOPE,HR_5_GET_ON_NOPE,HR_5_GET_OFF_NOPE,HR_6_GET_ON_NOPE,HR_6_GET_OFF_NOPE,HR_7_GET_ON_NOPE,HR_7_GET_OFF_NOPE,HR_8_GET_ON_NOPE,HR_8_GET_OFF_NOPE,HR_9_GET_ON_NOPE,HR_9_GET_OFF_NOPE,HR_10_GET_ON_NOPE,HR_10_GET_OFF_NOPE,HR_11_GET_ON_NOPE,HR_11_GET_OFF_NOPE,HR_12_GET_ON_NOPE,HR_12_GET_OFF_NOPE,HR_13_GET_ON_NOPE,HR_13_GET_OFF_NOPE,HR_14_GET_ON_NOPE,HR_14_GET_OFF_NOPE,HR_15_GET_ON_NOPE,HR_15_GET_OFF_NOPE,HR_16_GET_ON_NOPE,HR_16_GET_OFF_NOPE,HR_17_GET_ON_NOPE,HR_17_GET_OFF_NOPE,HR_18_GET_ON_NOPE,HR_18_GET_OFF_NOPE,HR_19_GET_ON_NOPE,HR_19_GET_OFF_NOPE,HR_20_GET_ON_NOPE,HR_20_GET_OFF_NOPE,HR_21_GET_ON_NOPE,HR_21_GET_OFF_NOPE,HR_22_GET_ON_NOPE,HR_22_GET_OFF_NOPE,HR_23_GET_ON_NOPE,HR_23_GET_OFF_NOPE,HR_0_GET_ON_NOPE,HR_0_GET_OFF_NOPE,HR_1_GET_ON_NOPE,HR_1_GET_OFF_NOPE,HR_2_GET_ON_NOPE,HR_2_GET_OFF_NOPE,HR_3_GET_ON_NOPE,HR_3_GET_OFF_NOPE,JOB_YMD
202501,1호선,서울역,560.0,51.0,8353.0,7685.0,20145.0,46128.0,61204.0,103944.0,101648.0,212041.0,82745.0,143188.0,84689.0,84059.0,100778.0,84201.0,117895.0,98491.0,115677.0,98587.0,100616.0,92390.0,123489.0,105002.0,136918.0,108439.0,194132.0,125921.0,226622.0,139109.0,126968.0,99249.0,91632.0,70567.0,93721.0,64819.0,61489.0,45228.0,28021.0,23793.0,4266.0,6765.0,239.0,237.0,0.0,0.0,0.0,0.0,20250203
202501,1호선,시청,89.0,0.0,1633.0,4268.0,3078.0,20969.0,6047.0,61835.0,8413.0,168180.0,10230.0,78238.0,12944.0,40446.0,19001.0,42728.0,21188.0,44488.0,27616.0,51215.0,39919.0,43881.0,55007.0,34339.0,69207.0,28004.0,89724.0,27045.0,146293.0,22989.0,60550.0,12394.0,50157.0,8748.0,42548.0,7281.0,25105.0,4989.0,8471.0,3044.0,429.0,811.0,9.0,24.0,0.0,0.0,0.0,0.0,20250203
202501,1호선,종각,138.0,3.0,4176.0,4949.0,3897.0,28257.0,5592.0,99730.0,9001.0,234423.0,10885.0,129348.0,15958.0,55283.0,25375.0,54132.0,30702.0,50033.0,38596.0,54426.0,51096.0,45280.0,65643.0,41445.0,83262.0,41884.0,143005.0,46444.0,203922.0,46683.0,93066.0,23397.0,79473.0,12018.0,77659.0,9173.0,56829.0,6455.0,24793.0,4161.0,1714.0,1049.0,12.0,16.0,0.0,0.0,0.0,0.0,20250203
202501,1호선,종로3가,140.0,9.0,3338.0,2424.0,3227.0,9593.0,4432.0,22259.0,7290.0,55799.0,10916.0,56161.0,17115.0,50381.0,28173.0,60941.0,40398.0,62220.0,45282.0,59530.0,54172.0,51337.0,63620.0,43871.0,69648.0,40426.0,80023.0,37703.0,84231.0,36626.0,50266.0,18705.0,42311.0,10241.0,42297.0,7962.0,32251.0,6161.0,14304.0,4001.0,1378.0,1692.0,14.0,38.0,0.0,0.0,0.0,0.0,20250203
202501,1호선,종로5가,33.0,1.0,1504.0,2880.0,2611.0,12776.0,4801.0,34550.0,8449.0,77766.0,11518.0,53056.0,19655.0,49201.0,29640.0,53383.0,38432.0,50347.0,46746.0,50541.0,54644.0,47253.0,59242.0,40398.0,62857.0,35723.0,79436.0,31788.0,81789.0,27686.0,42757.0,14865.0,30765.0,8583.0,27186.0,6211.0,15062.0,4783.0,4851.0,3106.0,255.0,809.0,0.0,21.0,0.0,0.0,0.0,0.0,20250203
202501,1호선,동대문,574.0,24.0,9298.0,1703.0,7860.0,5151.0,11813.0,8559.0,18158.0,15811.0,18430.0,18049.0,16026.0,20262.0,17468.0,24872.0,22384.0,25646.0,25385.0,26082.0,27184.0,24958.0,27875.0,24307.0,28303.0,22684.0,26663.0,21429.0,23573.0,21212.0,16634.0,18842.0,14155.0,13464.0,12642.0,13031.0,9308.0,12924.0,4945.0,8278.0,701.0,2571.0,12.0,217.0,0.0,0.0,0.0,0.0,20250203
202501,1호선,신설동,362.0,10.0,7742.0,1924.0,8178.0,6905.0,17444.0,19817.0,27940.0,45873.0,18253.0,28418.0,16877.0,19426.0,19071.0,18092.0,21238.0,18266.0,23468.0,19427.0,22655.0,18130.0,24264.0,19640.0,27593.0,20644.0,36745.0,22233.0,47418.0,28018.0,18013.0,20072.0,12334.0,14444.0,10499.0,13853.0,7529.0,11598.0,3409.0,7801.0,360.0,2314.0,3.0,46.0,0.0,0.0,0.0,0.0,20250203
202501,1호선,제기동,305.0,1.0,4599.0,2124.0,7544.0,8403.0,18179.0,18059.0,27346.0,32939.0,19846.0,28400.0,22156.0,35802.0,30131.0,48588.0,39187.0,50713.0,42384.0,53088.0,48430.0,50324.0,52009.0,39642.0,49715.0,33170.0,42855.0,25530.0,35211.0,23917.0,18371.0,16477.0,12333.0,11216.0,7975.0,10118.0,5118.0,8651.0,2214.0,5610.0,189.0,1381.0,8.0,49.0,0.0,0.0,0.0,0.0,20250203
202501,1호선,청량리(서울시립대입구),830.0,15.0,8829.0,2757.0,14761.0,8484.0,39975.0,14279.0,49548.0,32939.0,32758.0,31149.0,29960.0,37273.0,38198.0,47757.0,44745.0,48869.0,49053.0,51592.0,53029.0,54152.0,58292.0,49879.0,56912.0,46897.0,50140.0,45912.0,41811.0,52294.0,24100.0,34991.0,18407.0,22043.0,14336.0,20684.0,8920.0,17536.0,3751.0,11075.0,308.0,3378.0,5.0,64.0,0.0,0.0,0.0,0.0,20250203
202501,1호선,동묘앞,140.0,5.0,2218.0,815.0,3245.0,4101.0,7160.0,6660.0,11567.0,13278.0,9781.0,14666.0,11100.0,19280.0,15751.0,27393.0,22120.0,31223.0,27830.0,34737.0,32780.0,31568.0,34715.0,26600.0,33501.0,18892.0,27785.0,12894.0,17615.0,11060.0,8443.0,8456.0,4992.0,6118.0,4222.0,6035.0,2884.0,5989.0,1246.0,3908.0,133.0,1749.0,2.0,214.0,0.0,0.0,0.0,0.0,20250203
202501,2호선,시청,8.0,1.0,1021.0,1689.0,2125.0,17385.0,4666.0,63189.0,7236.0,198788.0,10634.0,81367.0,15858.0,27728.0,22511.0,25834.0,22297.0,27211.0,26817.0,29571.0,35902.0,27742.0,44661.0,24076.0,53182.0,20669.0,97967.0,21521.0,156857.0,21010.0,60117.0,11781.0,44857.0,8153.0,38570.0,7400.0,22708.0,5878.0,8601.0,3685.0,1063.0,980.0,1.0,51.0,0.0,0.0,0.0,0.0,20250203
202501,2호선,을지로입구,43.0,2.0,2170.0,2676.0,4211.0,27237.0,9118.0,115887.0,14025.0,302325.0,21174.0,147582.0,28545.0,83038.0,38660.0,69444.0,43108.0,60453.0,54102.0,65831.0,64360.0,59511.0,77930.0,56551.0,92876.0,60368.0,159367.0,68108.0,257730.0,67989.0,128541.0,42127.0,123659.0,28131.0,81109.0,22679.0,63886.0,17590.0,25847.0,9893.0,3052.0,3939.0,7.0,758.0,0.0,4.0,0.0,0.0,20250203
202501,2호선,을지로3가,11.0,0.0,1204.0,1955.0,2663.0,17865.0,5462.0,63847.0,10608.0,149410.0,13267.0,61875.0,18334.0,29779.0,21887.0,26685.0,23633.0,25243.0,26928.0,28452.0,30956.0,25428.0,34618.0,25650.0,43990.0,30072.0,83011.0,35698.0,123436.0,40000.0,51571.0,24491.0,40118.0,15056.0,43601.0,12706.0,36169.0,10838.0,19180.0,6579.0,2916.0,1518.0,8.0,64.0,0.0,0.0,0.0,0.0,20250203
202501,2호선,을지로4가,9.0,0.0,952.0,936.0,2182.0,11082.0,4943.0,30234.0,10216.0,65971.0,11012.0,33500.0,14868.0,22890.0,18125.0,23003.0,18731.0,20866.0,20196.0,20585.0,23054.0,19951.0,26333.0,18704.0,30775.0,16876.0,53392.0,16993.0,58836.0,16758.0,24698.0,11629.0,15508.0,8981.0,12858.0,9098.0,8814.0,8588.0,4190.0,5519.0,724.0,1295.0,1.0,32.0,0.0,0.0,0.0,0.0,20250203
202501,2호선,동대문역사문화공원(DDP),185.0,17.0,4006.0,1028.0,3506.0,7800.0,5527.0,16671.0,10490.0,37826.0,12834.0,26241.0,14691.0,26567.0,17161.0,26603.0,20861.0,28604.0,21583.0,29150.0,25729.0,30115.0,30126.0,28951.0,33921.0,27976.0,42555.0,29109.0,43377.0,33139.0,28883.0,28764.0,22889.0,21364.0,21658.0,16973.0,17597.0,14377.0,8038.0,8803.0,1512.0,2320.0,13.0,85.0,0.0,1.0,0.0,0.0,20250203
202501,2호선,신당,48.0,1.0,4970.0,1075.0,9664.0,6155.0,25351.0,12062.0,44563.0,24368.0,25804.0,19533.0,18343.0,17358.0,18307.0,20005.0,21441.0,21927.0,22698.0,22773.0,22840.0,23364.0,23972.0,25456.0,26633.0,30031.0,28885.0,39075.0,30844.0,54540.0,20733.0,34913.0,17198.0,22315.0,16908.0,19647.0,15963.0,18006.0,7788.0,11238.0,1324.0,3177.0,6.0,12.0,0.0,0.0,0.0,0.0,20250203
202501,2호선,상왕십리,14.0,1.0,5231.0,772.0,12625.0,5519.0,33807.0,9000.0,56706.0,25974.0,33021.0,16006.0,20961.0,13458.0,19873.0,12706.0,20566.0,14135.0,20717.0,15960.0,18735.0,17299.0,19568.0,19673.0,20490.0,24003.0,23669.0,32911.0,24248.0,50469.0,16005.0,33432.0,10899.0,22757.0,9711.0,20740.0,6471.0,19270.0,2679.0,11610.0,414.0,3807.0,2.0,19.0,0.0,0.0,0.0,0.0,20250203
202501,2호선,왕십리(성동구청),483.0,1.0,5278.0,828.0,8264.0,6964.0,21080.0,9942.0,37911.0,22156.0,24575.0,18204.0,17261.0,14534.0,17613.0,16385.0,20814.0,17683.0,22262.0,19125.0,21653.0,20463.0,22863.0,22305.0,26325.0,25730.0,30328.0,35778.0,31682.0,52237.0,21016.0,31951.0,20205.0,21202.0,21894.0,18179.0,21789.0,17410.0,12150.0,11239.0,2077.0,4175.0,22.0,43.0,0.0,0.0,0.0,0.0,20250203
202501,2호선,한양대,3.0,0.0,859.0,497.0,2276.0,5518.0,4358.0,8261.0,7795.0,27385.0,5673.0,38624.0,5669.0,17392.0,9388.0,13205.0,9596.0,16194.0,13195.0,16358.0,15141.0,13831.0,14310.0,8976.0,19284.0,8410.0,32218.0,8660.0,29874.0,10043.0,12051.0,6730.0,8236.0,5176.0,7606.0,4820.0,7071.0,4689.0,3749.0,3386.0,858.0,1022.0,1.0,5.0,0.0,0.0,0.0,0.0,20250203
202501,2호선,뚝섬,4.0,0.0,2726.0,2027.0,7750.0,15415.0,14915.0,34248.0,22514.0,121079.0,15473.0,84846.0,13629.0,40319.0,16518.0,32933.0,20402.0,33827.0,25048.0,35402.0,30144.0,32427.0,37393.0,32155.0,46756.0,32689.0,73432.0,36468.0,118822.0,42273.0,61218.0,24897.0,42982.0,14256.0,36751.0,12050.0,23752.0,10757.0,9093.0,6907.0,1307.0,1985.0,1.0,27.0,0.0,0.0,0.0,0.0,20250203
202501,2호선,성수,76.0,3.0,4389.0,3772.0,7265.0,30240.0,17420.0,65027.0,24305.0,222270.0,20820.0,137803.0,19965.0,82148.0,24959.0,80030.0,33510.0,85112.0,45093.0,91292.0,58529.0,91009.0,77254.0,87956.0,100346.0,83194.0,152727.0,77548.0,243499.0,73805.0,128751.0,40936.0,101122.0,21728.0,84654.0,15909.0,57645.0,12897.0,20851.0,10568.0,3059.0,5365.0,2.0,845.0,0.0,3.0,0.0,0.0,20250203
202501,2호선,건대입구,276.0,10.0,14290.0,1633.0,19840.0,12536.0,44473.0,19729.0,77591.0,47435.0,57024.0,42475.0,36726.0,37860.0,35585.0,43810.0,41569.0,50685.0,46531.0,56261.0,48348.0,58708.0,53581.0,64035.0,61264.0,76171.0,71409.0,99655.0,78607.0,138131.0,60544.0,95765.0,63615.0,61295.0,67863.0,56326.0,70198.0,48705.0,42968.0,29211.0,6510.0,9877.0,25.0,885.0,0.0,0.0,0.0,0.0,20250203
202501,2호선,구의(광진구청),68.0,6.0,11361.0,1246.0,22530.0,26784.0,57493.0,15456.0,100327.0,34612.0,63668.0,20779.0,36269.0,18970.0,30639.0,19829.0,32646.0,23326.0,32569.0,26784.0,30580.0,28829.0,32678.0,35345.0,40728.0,41103.0,41071.0,54893.0,40930.0,87578.0,25436.0,62262.0,18850.0,43335.0,16484.0,41014.0,14837.0,36144.0,7862.0,20246.0,1201.0,6404.0,10.0,37.0,0.0,0.0,0.0,0.0,20250203
202501,2호선,강변(동서울터미널),18.0,2.0,7515.0,1648.0,19001.0,17697.0,55514.0,19028.0,85384.0,35493.0,65760.0,31739.0,54924.0,32556.0,49602.0,32330.0,46990.0,36956.0,45316.0,40027.0,42600.0,43526.0,44463.0,50369.0,46740.0,52843.0,49927.0,63014.0,50691.0,81822.0,35452.0,58201.0,27347.0,41262.0,22585.0,32541.0,14465.0,29500.0,5352.0,16161.0,626.0,3982.0,4.0,17.0,0.0,0.0,0.0,0.0,20250203
202501,2호선,잠실나루,6.0,2.0,3133.0,3052.0,11076.0,16305.0,30846.0,19066.0,39327.0,32164.0,28029.0,21454.0,22995.0,16791.0,22924.0,15307.0,21660.0,18425.0,20419.0,19434.0,22098.0,18338.0,23863.0,18630.0,30695.0,20064.0,35310.0,26011.0,26513.0,35301.0,13106.0,26257.0,9753.0,16203.0,7047.0,16059.0,4812.0,15024.0,2159.0,8118.0,302.0,2172.0,0.0,23.0,0.0,0.0,0.0,0.0,20250203
202501,2호선,잠실(송파구청),65.0,13.0,11770.0,4485.0,43137.0,30415.0,101960.0,69496.0,142432.0,153349.0,105291.0,143254.0,75804.0,115321.0,80331.0,115736.0,89939.0,114032.0,100743.0,120774.0,111567.0,119734.0,130094.0,128678.0,154556.0,143458.0,185541.0,168261.0,220467.0,212903.0,160725.0,139162.0,156471.0,92261.0,140227.0,80559.0,93466.0,72657.0,28214.0,41619.0,4233.0,7840.0,13.0,51.0,0.0,0.0,0.0,0.0,20250203
202501,2호선,잠실새내,34.0,1.0,5340.0,908.0,15604.0,8188.0,48297.0,13607.0,69482.0,26076.0,48384.0,27914.0,32730.0,23688.0,31875.0,26111.0,34410.0,27817.0,35279.0,32187.0,32582.0,34982.0,34278.0,39256.0,35982.0,45600.0,38874.0,60193.0,40514.0,80564.0,29722.0,56149.0,25458.0,34698.0,25426.0,29783.0,23641.0,27892.0,12533.0,15089.0,1911.0,4287.0,13.0,36.0,0.0,0.0,0.0,0.0,20250203
202501,2호선,종합운동장,5.0,1.0,1334.0,1160.0,5527.0,10200.0,13582.0,11218.0,18971.0,16405.0,14319.0,12359.0,10670.0,9469.0,9888.0,7968.0,11614.0,10857.0,10286.0,13002.0,14742.0,11719.0,11482.0,10591.0,17456.0,12330.0,14694.0,17601.0,14634.0,28908.0,8031.0,15874.0,10353.0,10247.0,11808.0,9379.0,3266.0,8740.0,1601.0,4864.0,267.0,1356.0,2.0,57.0,0.0,1.0,0.0,0.0,20250203
202501,2호선,삼성(무역센터),137.0,1.0,4100.0,5078.0,6010.0,40069.0,12641.0,119575.0,17170.0,280885.0,18502.0,212242.0,21649.0,104723.0,32587.0,75580.0,41835.0,71963.0,55407.0,76950.0,69836.0,66399.0,91262.0,60292.0,116863.0,58236.0,199244.0,59708.0,260245.0,57513.0,139028.0,30471.0,114144.0,17825.0,94150.0,13871.0,55435.0,10456.0,14672.0,5863.0,1955.0,4062.0,3.0,930.0,0.0,10.0,0.0,0.0,20250203
202501,2호선,선릉,98.0,3.0,4662.0,5523.0,10259.0,36556.0,19297.0,106515.0,30451.0,248911.0,29839.0,187374.0,32990.0,91934.0,42712.0,62330.0,51452.0,59061.0,59944.0,65257.0,71679.0,55309.0,93452.0,48318.0,118693.0,47287.0,187170.0,51970.0,255253.0,55402.0,129486.0,36196.0,85285.0,23223.0,81486.0,20104.0,67422.0,17481.0,24117.0,10782.0,3728.0,4172.0,6.0,58.0,0.0,0.0,0.0,0.0,20250203
202501,2호선,역삼,36.0,4.0,3490.0,6084.0,8699.0,39458.0,13975.0,135926.0,22966.0,324910.0,21468.0,264237.0,22892.0,109304.0,31014.0,59806.0,38550.0,54955.0,45628.0,58824.0,54895.0,47022.0,73513.0,41171.0,95522.0,39623.0,197241.0,47186.0,247515.0,52567.0,139168.0,33013.0,79616.0,21949.0,72158.0,17917.0,47114.0,14817.0,18664.0,9378.0,3002.0,2715.0,2.0,12.0,0.0,0.0,0.0,0.0,20250203
202501,2호선,강남,180.0,12.0,7754.0,9857.0,17016.0,47784.0,36086.0,133296.0,54934.0,271798.0,46793.0,296833.0,50274.0,147677.0,67678.0,102127.0,84701.0,101974.0,101339.0,117917.0,112425.0,106390.0,135084.0,101154.0,159108.0,106876.0,229820.0,134963.0,288592.0,169578.0,199606.0,99578.0,154150.0,55635.0,170385.0,44575.0,153632.0,35809.0,72917.0,21367.0,11246.0,5571.0,43.0,22.0,0.0,0.0,0.0,0.0,20250203
202501,2호선,교대(법원.검찰청),23.0,1.0,2463.0,6005.0,9747.0,22067.0,20070.0,45970.0,31599.0,136355.0,25012.0,117751.0,23456.0,63010.0,29206.0,54094.0,32542.0,50099.0,40099.0,53034.0,46391.0,46635.0,50260.0,42770.0,54944.0,45060.0,87255.0,57284.0,117597.0,63452.0,56584.0,37966.0,46259.0,23543.0,45336.0,20985.0,35222.0,20202.0,14390.0,10876.0,2625.0,2908.0,6.0,23.0,0.0,0.0,0.0,0.0,20250203
202501,2호선,서초,4.0,0.0,1627.0,4476.0,7946.0,20529.0,15322.0,43881.0,24578.0,97616.0,23146.0,80041.0,18309.0,38672.0,26290.0,32517.0,23356.0,24839.0,30894.0,26883.0,32491.0,25203.0,39968.0,20362.0,44560.0,21998.0,67170.0,24670.0,83720.0,25362.0,38298.0,16918.0,27970.0,11105.0,24942.0,10164.0,16032.0,9725.0,5632.0,5656.0,733.0,1242.0,3.0,9.0,0.0,0.0,0.0,0.0,20250203
202501,2호선,방배,0.0,0.0,2087.0,3033.0,7780.0,11054.0,17869.0,21979.0,26269.0,58033.0,20347.0,40554.0,16515.0,21156.0,17609.0,18136.0,19301.0,20370.0,22611.0,20603.0,22474.0,19751.0,24261.0,20273.0,29730.0,20685.0,38995.0,25575.0,51546.0,31271.0,23716.0,22488.0,19459.0,15020.0,16968.0,13888.0,13191.0,14110.0,5452.0,7707.0,1048.0,2227.0,5.0,14.0,0.0,0.0,0.0,0.0,20250203
202501,2호선,사당,123.0,8.0,13188.0,3590.0,32757.0,31569.0,81596.0,38084.0,106115.0,61388.0,81865.0,46474.0,57817.0,40947.0,54146.0,52785.0,59901.0,54096.0,64095.0,53136.0,67608.0,53758.0,68508.0,64202.0,71560.0,84184.0,87041.0,121930.0,102117.0,162454.0,71332.0,110810.0,65284.0,67438.0,69832.0,60230.0,67116.0,54713.0,37543.0,34413.0,5777.0,9567.0,15.0,455.0,0.0,25.0,0.0,0.0,20250203
202501,2호선,낙성대(강감찬),33.0,2.0,9976.0,1940.0,22869.0,8194.0,69018.0,12983.0,106677.0,34956.0,72517.0,28953.0,41327.0,23269.0,36079.0,23718.0,38737.0,25429.0,39116.0,27634.0,35550.0,30996.0,34161.0,36267.0,37222.0,41470.0,41557.0,56038.0,46368.0,90054.0,26574.0,75183.0,20583.0,51013.0,18880.0,47283.0,14588.0,46264.0,7749.0,28490.0,1246.0,7099.0,1.0,63.0,0.0,0.0,0.0,0.0,20250203
202501,2호선,서울대입구(관악구청),4097.0,28.0,23852.0,2345.0,37666.0,13236.0,105494.0,21185.0,151624.0,56741.0,106723.0,53812.0,63516.0,44822.0,56193.0,42442.0,62710.0,44820.0,69353.0,51056.0,58919.0,54715.0,60939.0,62121.0,67194.0,72512.0,74493.0,97558.0,79783.0,150796.0,48534.0,125235.0,41874.0,79026.0,41201.0,73538.0,37064.0,71449.0,19255.0,42417.0,3131.0,16205.0,16.0,2994.0,0.0,0.0,0.0,0.0,20250203
202501,2호선,봉천,62.0,2.0,13088.0,1236.0,24116.0,5817.0,69864.0,10068.0,106118.0,23310.0,67030.0,18562.0,38639.0,18429.0,33119.0,20635.0,35209.0,23446.0,35145.0,26047.0,31247.0,28555.0,30619.0,36734.0,30060.0,41442.0,30905.0,52780.0,30809.0,79711.0,18868.0,65924.0,15498.0,42473.0,13332.0,39749.0,10385.0,36992.0,4868.0,22188.0,829.0,6750.0,9.0,210.0,0.0,0.0,0.0,0.0,20250203
202501,2호선,신림,175.0,15.0,32031.0,3617.0,58770.0,15932.0,150745.0,22706.0,234365.0,40463.0,147442.0,39063.0,85396.0,39129.0,70955.0,44471.0,77453.0,49685.0,75089.0,57990.0,70196.0,63958.0,68439.0,79116.0,72102.0,94657.0,73867.0,125202.0,75118.0,199932.0,52235.0,174929.0,44497.0,115407.0,42500.0,109320.0,35501.0,99710.0,20868.0,66307.0,4198.0,18861.0,17.0,137.0,0.0,0.0,0.0,0.0,20250203
202501,2호선,신대방,207.0,8.0,20347.0,1782.0,29011.0,8145.0,74165.0,12001.0,113738.0,21531.0,73943.0,16361.0,42323.0,17041.0,34989.0,18317.0,35846.0,21404.0,35356.0,25170.0,30481.0,28261.0,29538.0,36961.0,30820.0,42912.0,31430.0,56196.0,29112.0,80420.0,19521.0,69184.0,14623.0,50415.0,11630.0,52082.0,9270.0,48893.0,4200.0,28799.0,847.0,7892.0,6.0,93.0,0.0,0.0,0.0,0.0,20250203
202501,2호선,구로디지털단지,199.0,14.0,33233.0,4276.0,45261.0,18508.0,118302.0,70149.0,159817.0,194238.0,102292.0,122168.0,65099.0,53066.0,59394.0,43826.0,67164.0,49191.0,66664.0,61997.0,61943.0,59998.0,68862.0,66189.0,80745.0,77954.0,125033.0,101493.0,180417.0,145508.0,89523.0,116842.0,57473.0,79011.0,47083.0,76966.0,37121.0,72544.0,17455.0,43414.0,3091.0,12131.0,14.0,287.0,0.0,0.0,0.0,0.0,20250203
202501,2호선,대림(구로구청),568.0,12.0,28555.0,2838.0,25826.0,9777.0,54830.0,18077.0,83483.0,43469.0,57911.0,30450.0,38579.0,31388.0,33951.0,35882.0,35913.0,33460.0,36465.0,34060.0,34320.0,33478.0,34813.0,40791.0,36801.0,46177.0,40906.0,54709.0,44772.0,61551.0,23647.0,46142.0,17619.0,36585.0,13764.0,44672.0,10194.0,41309.0,5256.0,20571.0,724.0,5001.0,13.0,179.0,0.0,0.0,0.0,0.0,20250203
202501,2호선,신도림,3632.0,36.0,30343.0,4587.0,46352.0,17091.0,118007.0,36725.0,132274.0,93387.0,81720.0,64954.0,57165.0,57128.0,57195.0,61694.0,67169.0,63356.0,70779.0,68636.0,74173.0,67103.0,77776.0,74175.0,83555.0,85974.0,103296.0,107956.0,114840.0,158563.0,68673.0,111509.0,61711.0,67909.0,56030.0,64010.0,44585.0,58882.0,21881.0,44513.0,2370.0,18873.0,25.0,2354.0,0.0,2.0,0.0,0.0,20250203
202501,2호선,문래,15.0,0.0,3918.0,2315.0,12624.0,9385.0,36891.0,34330.0,44430.0,120467.0,24483.0,57531.0,18491.0,25481.0,19236.0,22557.0,23398.0,25841.0,25098.0,27404.0,26395.0,26198.0,28628.0,27878.0,35029.0,32095.0,60883.0,40766.0,101581.0,57459.0,38594.0,38680.0,28660.0,20961.0,30434.0,18783.0,25588.0,16341.0,12383.0,9576.0,2061.0,2945.0,5.0,91.0,0.0,0.0,0.0,0.0,20250203
202501,2호선,영등포구청,33.0,1.0,4482.0,2654.0,11300.0,12146.0,34031.0,32745.0,44815.0,106313.0,28053.0,48369.0,21075.0,26921.0,23672.0,25059.0,26689.0,25803.0,27957.0,28807.0,29332.0,27396.0,32479.0,27901.0,36825.0,30879.0,53414.0,38554.0,89896.0,54914.0,36022.0,36735.0,28023.0,22211.0,25090.0,19834.0,19310.0,17633.0,8841.0,12330.0,1504.0,4003.0,10.0,108.0,0.0,0.0,0.0,0.0,20250203
202501,2호선,당산,29.0,8.0,7286.0,3145.0,16409.0,11636.0,38893.0,22538.0,49250.0,64915.0,30793.0,28676.0,22067.0,15529.0,21716.0,15542.0,23828.0,17447.0,23334.0,19214.0,21721.0,20112.0,22701.0,23435.0,26611.0,29834.0,37177.0,43442.0,50453.0,66003.0,22676.0,44509.0,18258.0,30410.0,17691.0,29312.0,15119.0,26522.0,7924.0,17300.0,1215.0,3961.0,1.0,90.0,0.0,0.0,0.0,0.0,20250203
202501,2호선,합정,139.0,10.0,10087.0,2474.0,14340.0,10702.0,33575.0,26965.0,44403.0,80683.0,30103.0,74259.0,23542.0,47591.0,26681.0,46965.0,32483.0,50405.0,36456.0,57670.0,40188.0,52717.0,44923.0,54933.0,53369.0,63591.0,71374.0,81121.0,102771.0,103947.0,70638.0,70698.0,61018.0,39823.0,68221.0,32289.0,63770.0,28085.0,33463.0,19417.0,5291.0,7044.0,28.0,53.0,0.0,0.0,0.0,0.0,20250203
202501,2호선,홍대입구,1187.0,44.0,27278.0,3365.0,28879.0,16040.0,52611.0,35050.0,68279.0,95637.0,54231.0,115431.0,51389.0,102070.0,60353.0,128308.0,71259.0,157888.0,83606.0,175675.0,96681.0,167965.0,120025.0,169202.0,146693.0,173289.0,173934.0,190248.0,198927.0,216251.0,169372.0,157097.0,167362.0,98313.0,193474.0,76885.0,185240.0,61969.0,92115.0,42987.0,10465.0,15832.0,79.0,1858.0,0.0,3.0,0.0,0.0,20250203
202501,2호선,신촌,69.0,6.0,5953.0,2395.0,12673.0,14467.0,30167.0,28534.0,45297.0,68259.0,33929.0,79465.0,34044.0,57921.0,42571.0,55967.0,53702.0,59294.0,57786.0,70055.0,60657.0,61068.0,67643.0,58683.0,78323.0,63812.0,90811.0,77864.0,89023.0,99291.0,63170.0,67960.0,66213.0,41419.0,63668.0,37030.0,61662.0,31870.0,29433.0,21613.0,4515.0,4963.0,19.0,33.0,0.0,0.0,0.0,0.0,20250203
202501,2호선,이대,27.0,3.0,2944.0,719.0,8176.0,6370.0,23304.0,11350.0,34132.0,37451.0,20590.0,29132.0,17625.0,21332.0,19583.0,19167.0,23159.0,22566.0,24157.0,23681.0,22618.0,22186.0,25634.0,22869.0,27826.0,24846.0,36330.0,30176.0,32572.0,40196.0,20097.0,30323.0,15786.0,21537.0,15534.0,20239.0,12599.0,19298.0,4829.0,13207.0,617.0,3511.0,2.0,19.0,0.0,0.0,0.0,0.0,20250203
202501,2호선,아현,20.0,0.0,3856.0,707.0,9276.0,3797.0,24711.0,7158.0,36884.0,15610.0,22554.0,12495.0,16506.0,9544.0,15936.0,9722.0,17852.0,10999.0,16815.0,12658.0,15002.0,14084.0,16425.0,16505.0,17528.0,18548.0,19299.0,22998.0,18284.0,31261.0,10958.0,23653.0,8029.0,16440.0,6033.0,15360.0,4189.0,14241.0,1985.0,7877.0,290.0,2226.0,0.0,17.0,0.0,0.0,0.0,0.0,20250203
202501,2호선,충정로(경기대입구),20.0,1.0,2924.0,984.0,5848.0,5727.0,13156.0,19891.0,19696.0,53706.0,13243.0,23146.0,10771.0,11213.0,11580.0,9583.0,11480.0,10220.0,12525.0,12152.0,12592.0,11442.0,13019.0,11977.0,17332.0,13288.0,30313.0,16385.0,42108.0,20282.0,13707.0,14057.0,9371.0,10088.0,8448.0,10015.0,5780.0,8792.0,2646.0,5645.0,582.0,1508.0,16.0,37.0,0.0,0.0,0.0,0.0,20250203
202501,2호선,용답,18.0,1.0,1930.0,301.0,2765.0,1145.0,6365.0,1632.0,12125.0,2289.0,7315.0,2098.0,5008.0,1880.0,4229.0,2374.0,4368.0,2818.0,4748.0,3183.0,4339.0,3557.0,4173.0,4422.0,4694.0,5559.0,4462.0,6346.0,3714.0,10418.0,2165.0,7010.0,1444.0,5002.0,1136.0,5468.0,911.0,5043.0,429.0,3078.0,80.0,995.0,0.0,5.0,0.0,0.0,0.0,0.0,20250203
202501,2호선,신답,5.0,0.0,1090.0,70.0,1607.0,926.0,5149.0,769.0,9166.0,1408.0,3848.0,806.0,2419.0,898.0,2059.0,1021.0,1907.0,1246.0,2029.0,1382.0,1785.0,1770.0,1764.0,2649.0,1948.0,3341.0,2001.0,4058.0,1709.0,8617.0,913.0,5764.0,550.0,3174.0,533.0,3392.0,306.0,2621.0,156.0,1697.0,36.0,477.0,0.0,1.0,0.0,0.0,0.0,0.0,20250203
202501,2호선,신설동,44.0,4.0,979.0,301.0,1252.0,1898.0,4265.0,4413.0,7415.0,12177.0,4555.0,8252.0,4072.0,7727.0,5242.0,7046.0,6322.0,7079.0,7291.0,7364.0,7708.0,6323.0,8514.0,5672.0,9487.0,4916.0,10290.0,5261.0,12159.0,6734.0,4178.0,4881.0,2524.0,3577.0,2209.0,2948.0,1479.0,2798.0,645.0,1865.0,95.0,646.0,1.0,118.0,0.0,0.0,0.0,0.0,20250203
202501,2호선,도림천,2.0,0.0,351.0,346.0,1034.0,709.0,2743.0,2581.0,3142.0,4951.0,1984.0,2100.0,2388.0,1573.0,1764.0,1289.0,2245.0,1851.0,1725.0,1822.0,2215.0,1756.0,1910.0,1620.0,2564.0,1964.0,2910.0,2376.0,3061.0,3233.0,1656.0,2480.0,796.0,1689.0,845.0,1501.0,447.0,1230.0,167.0,863.0,26.0,281.0,1.0,8.0,0.0,0.0,0.0,0.0,20250203
202501,2호선,양천구청,43.0,0.0,4491.0,812.0,10014.0,2085.0,26292.0,3964.0,25357.0,8011.0,15051.0,4564.0,10961.0,4322.0,10214.0,4883.0,10614.0,6330.0,10073.0,7394.0,8053.0,8120.0,7880.0,10594.0,8316.0,13038.0,8793.0,17813.0,8062.0,26516.0,3802.0,21624.0,2793.0,13222.0,2139.0,11942.0,1928.0,9358.0,632.0,7102.0,135.0,2066.0,0.0,20.0,0.0,0.0,0.0,0.0,20250203
202501,2호선,신정네거리,95.0,0.0,7382.0,773.0,14965.0,2331.0,41043.0,3465.0,38326.0,9455.0,21689.0,7555.0,16091.0,7100.0,15403.0,8522.0,16064.0,9442.0,14463.0,11267.0,12837.0,12750.0,12169.0,16183.0,12269.0,20469.0,12005.0,28635.0,10598.0,43005.0,6714.0,32154.0,5194.0,18706.0,4153.0,16716.0,3324.0,15127.0,1602.0,9148.0,328.0,2699.0,0.0,112.0,0.0,0.0,0.0,0.0,20250203
202501,2호선,용두(동대문구청),50.0,0.0,821.0,104.0,1471.0,772.0,4613.0,2331.0,7976.0,4901.0,4652.0,3349.0,3434.0,3975.0,3751.0,4107.0,4611.0,3703.0,4515.0,4675.0,5023.0,4667.0,5669.0,4754.0,5324.0,4599.0,4992.0,5003.0,5084.0,8120.0,2394.0,5251.0,1860.0,3122.0,1443.0,2881.0,722.0,2172.0,358.0,1301.0,48.0,497.0,0.0,6.0,0.0,0.0,0.0,0.0,20250203
202501,3호선,지축,31.0,2.0,2721.0,660.0,10405.0,3951.0,26059.0,4958.0,26974.0,10098.0,15807.0,7282.0,11075.0,6119.0,10023.0,6205.0,11247.0,7563.0,10711.0,8935.0,9782.0,8796.0,10482.0,10535.0,10572.0,13327.0,11446.0,16930.0,10444.0,27758.0,6811.0,21458.0,5663.0,14640.0,4863.0,12183.0,3949.0,10567.0,1762.0,5969.0,230.0,940.0,2.0,17.0,0.0,0.0,0.0,0.0,20250203
202501,3호선,구파발,162.0,1.0,10749.0,1396.0,28318.0,9768.0,70849.0,16882.0,71539.0,23582.0,40938.0,22578.0,30186.0,24605.0,30042.0,25230.0,32097.0,26799.0,31009.0,29149.0,32344.0,30122.0,35353.0,31038.0,37539.0,36942.0,36141.0,43604.0,29494.0,68989.0,19098.0,56489.0,15634.0,32407.0,13458.0,29764.0,10881.0,25629.0,2940.0,17814.0,506.0,6918.0,0.0,255.0,0.0,15.0,0.0,0.0,20250203
202501,3호선,연신내,253.0,5.0,21781.0,1876.0,40392.0,11747.0,97652.0,18346.0,121734.0,33900.0,74841.0,33659.0,53712.0,33813.0,52709.0,36684.0,57477.0,39804.0,55988.0,44646.0,51749.0,49210.0,52576.0,58486.0,54971.0,67060.0,53627.0,82052.0,49784.0,121786.0,36000.0,97275.0,29559.0,59911.0,25719.0,54837.0,22225.0,46347.0,11139.0,29522.0,1982.0,9259.0,3.0,29.0,1.0,11.0,0.0,0.0,20250203
202501,3호선,불광,14.0,0.0,8218.0,1245.0,15617.0,5790.0,43112.0,9049.0,55060.0,26211.0,33161.0,23341.0,24869.0,21637.0,24200.0,22154.0,25228.0,24215.0,26318.0,27081.0,25989.0,27924.0,27354.0,30436.0,28634.0,33906.0,26761.0,38372.0,27375.0,53788.0,15764.0,41976.0,12271.0,26127.0,10073.0,22768.0,6813.0,20803.0,3144.0,12051.0,425.0,3577.0,0.0,20.0,0.0,0.0,0.0,0.0,20250203
202501,3호선,녹번,60.0,0.0,8153.0,466.0,20659.0,2939.0,57819.0,6670.0,65350.0,14369.0,37830.0,9117.0,25347.0,8301.0,22355.0,9745.0,21995.0,11864.0,20957.0,13353.0,18404.0,15799.0,16900.0,19655.0,17170.0,25677.0,16771.0,33964.0,17787.0,55685.0,9255.0,45025.0,7083.0,27658.0,5799.0,24280.0,3691.0,21679.0,1386.0,12651.0,218.0,3167.0,0.0,15.0,0.0,0.0,0.0,0.0,20250203
202501,3호선,홍제,80.0,7.0,8480.0,1148.0,19567.0,6300.0,51522.0,8904.0,60450.0,19363.0,39403.0,16738.0,29463.0,15714.0,28297.0,16942.0,30028.0,18459.0,28407.0,20453.0,26076.0,23693.0,25769.0,28466.0,26729.0,33487.0,26458.0,39963.0,24073.0,57807.0,13529.0,46643.0,10609.0,28675.0,8667.0,25767.0,6210.0,21750.0,2510.0,13318.0,351.0,3133.0,0.0,11.0,0.0,0.0,0.0,0.0,20250203
202501,3호선,무악재,4.0,0.0,1652.0,157.0,4498.0,1540.0,13167.0,2360.0,16972.0,4532.0,10631.0,2958.0,7735.0,3215.0,7109.0,3606.0,6485.0,4190.0,6435.0,4967.0,5755.0,5418.0,5500.0,6710.0,5585.0,8173.0,6010.0,10458.0,6263.0,15377.0,2946.0,12445.0,2195.0,7897.0,1609.0,7024.0,1209.0,6273.0,513.0,4239.0,61.0,935.0,1.0,3.0,0.0,0.0,0.0,0.0,20250203
202501,3호선,독립문,122.0,2.0,4199.0,778.0,5377.0,5219.0,11964.0,10618.0,16743.0,17851.0,13784.0,14399.0,12223.0,13710.0,12289.0,10866.0,14523.0,11346.0,13891.0,12620.0,14173.0,11863.0,15510.0,12135.0,15687.0,12425.0,15815.0,13464.0,14053.0,15763.0,6941.0,12465.0,5223.0,8445.0,4173.0,7584.0,3184.0,6781.0,1052.0,4101.0,142.0,1852.0,1.0,454.0,0.0,0.0,0.0,0.0,20250203
202501,3호선,경복궁(정부서울청사),33.0,1.0,2004.0,1499.0,5259.0,11958.0,11158.0,30876.0,18291.0,109602.0,17572.0,62158.0,15820.0,47656.0,21756.0,50528.0,28191.0,50752.0,35351.0,54418.0,46107.0,48743.0,55799.0,47906.0,68923.0,40290.0,85772.0,35262.0,101500.0,31848.0,42071.0,19454.0,34417.0,11577.0,31638.0,9855.0,20427.0,8866.0,7247.0,4826.0,845.0,1351.0,3.0,24.0,0.0,0.0,0.0,0.0,20250203
202501,3호선,안국,6.0,1.0,1481.0,1631.0,2617.0,22217.0,5009.0,70670.0,8489.0,106139.0,11106.0,71351.0,13580.0,53373.0,20541.0,57659.0,30152.0,56184.0,35785.0,58135.0,44517.0,55470.0,61084.0,43361.0,78992.0,38114.0,116527.0,30703.0,119734.0,26043.0,53061.0,13318.0,43332.0,7014.0,33223.0,5782.0,17590.0,5361.0,5253.0,2763.0,591.0,756.0,4.0,2.0,0.0,0.0,0.0,0.0,20250203
202501,3호선,종로3가,17.0,1.0,813.0,884.0,1158.0,5473.0,1818.0,13104.0,2696.0,35412.0,4573.0,35208.0,7043.0,30499.0,9938.0,25481.0,11431.0,23894.0,13589.0,23396.0,17048.0,21807.0,20749.0,19811.0,25262.0,18509.0,37402.0,17118.0,46957.0,15786.0,24424.0,9199.0,17513.0,5213.0,18501.0,4300.0,15248.0,3150.0,6440.0,2201.0,783.0,724.0,1.0,24.0,0.0,0.0,0.0,0.0,20250203
202501,3호선,을지로3가,13.0,0.0,736.0,972.0,1361.0,7904.0,3082.0,31372.0,5710.0,67235.0,7228.0,28102.0,9176.0,14800.0,10972.0,13771.0,11158.0,13707.0,12931.0,14298.0,15199.0,12882.0,17267.0,13448.0,20621.0,15564.0,40171.0,18785.0,61361.0,21720.0,25898.0,12493.0,19381.0,6228.0,19671.0,4677.0,16470.0,3549.0,8794.0,2295.0,1166.0,572.0,5.0,3.0,0.0,0.0,0.0,0.0,20250203
202501,3호선,충무로,0.0,0.0,0.0,0.0,0.0,0.0,0.0,0.0,4.0,0.0,3.0,0.0,0.0,0.0,2.0,0.0,5.0,0.0,8.0,0.0,11.0,0.0,4.0,0.0,3.0,0.0,8.0,0.0,12.0,0.0,11.0,0.0,3.0,0.0,5.0,0.0,5.0,0.0,3.0,0.0,2.0,0.0,0.0,0.0,0.0,0.0,0.0,0.0,20250203
202501,3호선,동대입구,13.0,0.0,1425.0,1080.0,2361.0,8213.0,4184.0,14285.0,7568.0,44804.0,6636.0,28959.0,7614.0,22381.0,11413.0,18303.0,9211.0,19289.0,13447.0,22927.0,14151.0,16082.0,17751.0,12425.0,22321.0,12992.0,32701.0,14826.0,37365.0,16374.0,17136.0,8696.0,17664.0,5236.0,13417.0,5113.0,14059.0,3867.0,2787.0,2560.0,333.0,868.0,1.0,62.0,0.0,0.0,0.0,0.0,20250203
202501,3호선,약수,118.0,3.0,5633.0,892.0,8374.0,5102.0,20099.0,9947.0,31298.0,27271.0,23805.0,18618.0,17430.0,14529.0,16626.0,14675.0,18800.0,15147.0,19107.0,15816.0,19565.0,17340.0,19424.0,19139.0,20298.0,21957.0,24625.0,27344.0,28319.0,38321.0,17728.0,23953.0,14308.0,16719.0,13394.0,14395.0,10187.0,13206.0,4906.0,7862.0,805.0,2933.0,8.0,338.0,0.0,0.0,0.0,0.0,20250203
202501,3호선,금호,65.0,4.0,3742.0,535.0,8377.0,2253.0,22048.0,4148.0,32483.0,8055.0,20739.0,6765.0,13909.0,6539.0,12392.0,6899.0,12832.0,8088.0,11960.0,9493.0,10954.0,10518.0,10309.0,12912.0,10799.0,15632.0,11538.0,20041.0,10798.0,27695.0,7840.0,20299.0,5514.0,13858.0,4349.0,11690.0,3242.0,11267.0,1731.0,5737.0,332.0,1402.0,1.0,12.0,0.0,0.0,0.0,0.0,20250203
202501,3호선,옥수,139.0,1.0,2520.0,887.0,7661.0,3820.0,18192.0,6702.0,28139.0,11351.0,19981.0,9666.0,14285.0,7664.0,13736.0,9937.0,13864.0,11171.0,14488.0,12649.0,13960.0,13443.0,14021.0,15492.0,14454.0,17430.0,15803.0,23670.0,15074.0,31434.0,10187.0,22720.0,7883.0,15368.0,7154.0,13083.0,4649.0,12348.0,1872.0,5913.0,308.0,1662.0,0.0,2.0,0.0,0.0,0.0,0.0,20250203
202501,3호선,압구정,47.0,1.0,2892.0,2139.0,7536.0,21352.0,13765.0,41132.0,21226.0,119691.0,17760.0,136935.0,23538.0,72760.0,29900.0,60950.0,36728.0,50361.0,41330.0,53084.0,50276.0,48075.0,57859.0,45178.0,68947.0,45240.0,89204.0,52523.0,118396.0,53809.0,83955.0,29885.0,67644.0,15102.0,48844.0,12211.0,34211.0,10063.0,9744.0,5476.0,1403.0,1836.0,12.0,193.0,0.0,0.0,0.0,0.0,20250203
202501,3호선,신사,52.0,7.0,3412.0,1558.0,6237.0,15044.0,10236.0,35878.0,15410.0,90358.0,14314.0,120382.0,17892.0,63128.0,23223.0,44814.0,27140.0,42371.0,33237.0,45615.0,39642.0,42271.0,47118.0,38629.0,56092.0,41466.0,81236.0,50238.0,110851.0,58191.0,79611.0,31307.0,55376.0,16264.0,55102.0,12621.0,44623.0,10282.0,20090.0,6824.0,2900.0,2666.0,6.0,12.0,0.0,0.0,0.0,0.0,20250203
202501,3호선,잠원,5.0,0.0,1293.0,875.0,4003.0,7934.0,10337.0,5396.0,15920.0,7362.0,10019.0,6045.0,7416.0,4284.0,7450.0,4735.0,7554.0,5237.0,7498.0,6231.0,6899.0,6360.0,8189.0,7033.0,11267.0,7217.0,11658.0,9593.0,8179.0,12892.0,4537.0,9172.0,3375.0,6222.0,2848.0,6226.0,1862.0,7376.0,592.0,3349.0,93.0,936.0,3.0,3.0,0.0,0.0,0.0,0.0,20250203
202501,5호선,동대문역사문화공원(DDP),0.0,1.0,213.0,244.0,583.0,2733.0,1265.0,8984.0,2070.0,25855.0,2655.0,10135.0,3170.0,3694.0,3266.0,3195.0,2816.0,3415.0,3113.0,3585.0,3505.0,3339.0,4142.0,3398.0,5672.0,3410.0,11561.0,3709.0,18739.0,3909.0,7068.0,2531.0,4003.0,2227.0,3175.0,2456.0,2255.0,2098.0,1016.0,1489.0,139.0,371.0,0.0,7.0,0.0,0.0,0.0,0.0,20250203
202501,3호선,고속터미널,183.0,7.0,5492.0,3648.0,6945.0,31710.0,21985.0,44283.0,40300.0,70980.0,48014.0,97225.0,53403.0,97024.0,68761.0,105049.0,82138.0,100998.0,92299.0,101134.0,104490.0,106139.0,120695.0,108493.0,130406.0,105889.0,141355.0,109232.0,131607.0,110924.0,112174.0,69373.0,123698.0,44820.0,75765.0,34522.0,46710.0,25107.0,14866.0,12236.0,1451.0,2035.0,14.0,23.0,0.0,0.0,0.0,0.0,20250203
202501,3호선,교대(법원.검찰청),57.0,0.0,1866.0,653.0,4221.0,6531.0,8669.0,14344.0,13451.0,40160.0,11756.0,32638.0,12849.0,15437.0,16591.0,11399.0,19406.0,11687.0,23312.0,11250.0,26846.0,10766.0,28483.0,9773.0,30809.0,10670.0,46812.0,14698.0,61321.0,17624.0,30558.0,10104.0,26233.0,5681.0,25614.0,4558.0,19289.0,4170.0,8100.0,2516.0,1190.0,687.0,3.0,8.0,0.0,0.0,0.0,0.0,20250203
202501,3호선,남부터미널(예술의전당),15.0,1.0,2706.0,1173.0,8021.0,25436.0,23602.0,56004.0,37630.0,135923.0,33003.0,80540.0,32373.0,51994.0,38025.0,44348.0,39921.0,47654.0,44898.0,54345.0,49110.0,52370.0,55986.0,48817.0,68160.0,47664.0,111855.0,51932.0,128825.0,56095.0,60168.0,36693.0,41538.0,22802.0,32749.0,17792.0,30138.0,14109.0,9250.0,8867.0,710.0,2148.0,1.0,18.0,0.0,0.0,0.0,0.0,20250203
202501,3호선,양재(서초구청),29.0,4.0,4562.0,2803.0,11930.0,36022.0,30980.0,90593.0,39738.0,191858.0,28195.0,107375.0,27345.0,50275.0,30692.0,42470.0,35097.0,38934.0,41578.0,42119.0,45489.0,38242.0,53691.0,38275.0,66001.0,42311.0,116189.0,58916.0,165812.0,69225.0,79062.0,46231.0,57393.0,29077.0,53420.0,25116.0,35109.0,21730.0,11806.0,11324.0,1298.0,2977.0,3.0,53.0,0.0,0.0,0.0,0.0,20250203
202501,3호선,매봉,13.0,1.0,1589.0,743.0,5939.0,8624.0,15077.0,20988.0,19349.0,64837.0,13597.0,29844.0,13364.0,15342.0,13487.0,13899.0,14174.0,12877.0,15576.0,12603.0,17277.0,12059.0,19086.0,12998.0,21072.0,14144.0,35138.0,17955.0,53512.0,22366.0,18405.0,14509.0,13760.0,9410.0,14242.0,7838.0,8860.0,7533.0,2691.0,3964.0,371.0,1197.0,1.0,71.0,0.0,0.0,0.0,0.0,20250203
202501,3호선,도곡,70.0,1.0,1015.0,331.0,3745.0,4170.0,9736.0,11226.0,11903.0,19109.0,7931.0,15469.0,6942.0,7081.0,7435.0,6964.0,7357.0,6693.0,8047.0,7618.0,8324.0,6846.0,9346.0,7107.0,10991.0,7655.0,15708.0,9686.0,16606.0,11684.0,8737.0,9179.0,6140.0,5714.0,5221.0,5345.0,4275.0,4599.0,1179.0,2767.0,150.0,1521.0,0.0,195.0,0.0,0.0,0.0,0.0,20250203
202501,3호선,대치,17.0,2.0,2625.0,628.0,11089.0,7586.0,23883.0,18830.0,24881.0,31274.0,16168.0,24008.0,13975.0,15278.0,13518.0,14704.0,17716.0,19448.0,19551.0,22880.0,17406.0,18392.0,18288.0,18962.0,21011.0,20811.0,36741.0,30035.0,29239.0,30471.0,17269.0,21449.0,12092.0,12935.0,16354.0,12440.0,39846.0,10587.0,3463.0,6079.0,405.0,1775.0,3.0,12.0,0.0,0.0,0.0,0.0,20250203
202501,3호선,학여울,0.0,0.0,510.0,191.0,1861.0,1292.0,3635.0,2868.0,3822.0,7913.0,3094.0,6228.0,2498.0,4500.0,2530.0,3080.0,3527.0,2896.0,4766.0,3171.0,4518.0,2697.0,3961.0,2699.0,3956.0,2747.0,5686.0,3478.0,7003.0,4297.0,2301.0,3249.0,1909.0,2289.0,1347.0,1979.0,983.0,1798.0,223.0,1003.0,47.0,317.0,0.0,2.0,0.0,0.0,0.0,0.0,20250203
202501,3호선,대청,87.0,3.0,3307.0,905.0,10127.0,5871.0,25056.0,11221.0,33464.0,23467.0,19840.0,11321.0,15416.0,8202.0,14205.0,8075.0,14391.0,10069.0,14680.0,11154.0,13894.0,11727.0,15127.0,13744.0,16032.0,15200.0,21212.0,21209.0,24936.0,28515.0,10517.0,22872.0,7742.0,15553.0,6187.0,13843.0,4598.0,14557.0,1785.0,7563.0,252.0,2469.0,3.0,41.0,0.0,0.0,0.0,0.0,20250203
202501,3호선,일원,4.0,0.0,2204.0,1556.0,7838.0,10402.0,19120.0,26396.0,21945.0,20946.0,16842.0,18417.0,17356.0,15270.0,17826.0,11964.0,18127.0,14273.0,16087.0,15539.0,17114.0,14813.0,21004.0,13750.0,24788.0,13009.0,33631.0,15288.0,16636.0,20525.0,9251.0,16217.0,5503.0,10809.0,4099.0,10423.0,3649.0,11297.0,1198.0,4606.0,101.0,1246.0,0.0,46.0,0.0,0.0,0.0,0.0,20250203
202501,3호선,수서,155.0,1.0,4198.0,2175.0,10919.0,13834.0,31810.0,28801.0,39642.0,51229.0,28798.0,32077.0,35147.0,23238.0,27811.0,20520.0,33229.0,25815.0,30947.0,22246.0,24028.0,24171.0,33177.0,28161.0,34411.0,30565.0,43752.0,38192.0,48933.0,49399.0,22982.0,36824.0,22934.0,26595.0,14987.0,20937.0,15000.0,19374.0,7104.0,7815.0,766.0,2805.0,16.0,203.0,2.0,2.0,0.0,0.0,20250203
202501,3호선,가락시장,40.0,15.0,2506.0,645.0,6128.0,5104.0,17063.0,9967.0,19822.0,23359.0,14572.0,12898.0,13437.0,10127.0,13517.0,11386.0,14171.0,11852.0,14377.0,12846.0,14621.0,13378.0,15559.0,15098.0,15943.0,15655.0,19470.0,19712.0,25155.0,24729.0,11886.0,17400.0,9345.0,10946.0,8232.0,9053.0,6051.0,9086.0,2462.0,4844.0,409.0,1435.0,4.0,70.0,0.0,0.0,0.0,0.0,20250203
202501,3호선,경찰병원,4.0,0.0,2821.0,253.0,6910.0,3117.0,19763.0,8762.0,23202.0,24550.0,13969.0,13732.0,11115.0,8588.0,10297.0,6749.0,9977.0,7648.0,9974.0,9607.0,10267.0,8583.0,11005.0,9108.0,9907.0,9829.0,14608.0,14712.0,17791.0,20872.0,6832.0,16178.0,5411.0,9705.0,4472.0,8542.0,3324.0,7939.0,989.0,4568.0,154.0,1293.0,1.0,11.0,0.0,7.0,0.0,0.0,20250203
202501,3호선,오금,14.0,1.0,4237.0,17.0,7528.0,2304.0,24404.0,4925.0,27657.0,11286.0,14900.0,5444.0,9277.0,4791.0,7638.0,4475.0,8364.0,5748.0,8073.0,6101.0,7099.0,6390.0,6951.0,8351.0,7904.0,9369.0,10137.0,14169.0,10995.0,20044.0,4403.0,14456.0,3384.0,9634.0,2536.0,8537.0,2300.0,9876.0,718.0,5064.0,106.0,1479.0,0.0,16.0,0.0,6.0,0.0,0.0,20250203
202501,4호선,당고개,73.0,0.0,7424.0,45.0,14326.0,3958.0,35978.0,5558.0,31778.0,8334.0,20288.0,8846.0,16038.0,8861.0,14753.0,8730.0,15562.0,9953.0,15154.0,10589.0,13560.0,11369.0,13087.0,13183.0,13330.0,15792.0,12382.0,18253.0,11469.0,24525.0,6873.0,22182.0,5026.0,15479.0,4364.0,13637.0,2839.0,12739.0,1466.0,9130.0,281.0,3106.0,4.0,389.0,0.0,13.0,0.0,0.0,20250203
202501,4호선,상계,56.0,6.0,12745.0,225.0,33010.0,6316.0,71019.0,10667.0,61846.0,18987.0,39897.0,17287.0,30375.0,15197.0,28080.0,16483.0,31250.0,20006.0,30805.0,21998.0,26312.0,23441.0,25555.0,28537.0,25720.0,34533.0,25758.0,41922.0,23753.0,60682.0,15250.0,53939.0,11779.0,34013.0,10488.0,30037.0,10656.0,27161.0,3317.0,18518.0,513.0,4937.0,9.0,551.0,0.0,1.0,0.0,0.0,20250203
202501,4호선,노원,214.0,4.0,11228.0,692.0,20961.0,7725.0,45895.0,10543.0,48847.0,28857.0,30389.0,31875.0,26243.0,24652.0,27654.0,25957.0,31574.0,30210.0,31772.0,34845.0,32186.0,34644.0,33872.0,37707.0,35040.0,44632.0,36265.0,55607.0,35198.0,80395.0,26253.0,61779.0,27904.0,38290.0,26034.0,32844.0,23702.0,27916.0,12150.0,19226.0,2450.0,6689.0,31.0,673.0,0.0,1.0,0.0,0.0,20250203
202501,4호선,창동,1552.0,52.0,14524.0,2233.0,32197.0,10856.0,72492.0,16461.0,67189.0,41204.0,45246.0,35379.0,39588.0,32247.0,40504.0,32222.0,42853.0,38585.0,42844.0,45802.0,41649.0,48071.0,44764.0,50898.0,49061.0,53604.0,49341.0,64212.0,50338.0,85146.0,29138.0,67652.0,22264.0,43488.0,19790.0,37909.0,15423.0,33636.0,6678.0,21045.0,1258.0,7361.0,8.0,145.0,0.0,0.0,0.0,0.0,20250203
202501,4호선,쌍문,136.0,7.0,20876.0,1096.0,45002.0,7481.0,103044.0,12647.0,110006.0,24743.0,68117.0,20454.0,49962.0,19644.0,44555.0,22753.0,46557.0,26335.0,43868.0,29470.0,38911.0,32062.0,36221.0,42520.0,36712.0,51237.0,37140.0,65817.0,33305.0,95032.0,21445.0,85496.0,16423.0,55917.0,13465.0,48867.0,9819.0,45095.0,4581.0,29183.0,637.0,8362.0,6.0,77.0,0.0,0.0,0.0,0.0,20250203
