상가업소번호,상호명,지점명,상권업종대분류코드,상권업종대분류명,상권업종중분류코드,상권업종중분류명,상권업종소분류코드,상권업종소분류명,표준산업분류코드,표준산업분류명,시도코드,시도명,시군구코드,시군구명,행정동코드,행정동명,법정동코드,법정동명,지번코드,대지구분코드,대지구분명,지번본번지,지번부번지,지번주소,도로명코드,도로명,건물본번지,건물부번지,건물관리번호,건물명,도로명주소,구우편번호,신우편번호,동정보,층정보,호정보,경도,위도
MA010120220800800619,참편한공인중개사사무소,,L1,부동산,L102,부동산 서비스,L10203,부동산 중개/대리업,L68221,부동산 중개 및 대리업,11,서울특별시,11650,서초구,11650600,방배1동,1165010100,방배동,1165010100109270035,1,대지,927,35.0,서울특별시 서초구 방배동 927-35,116504163255,서울특별시 서초구 방배로19길,25,,1165010100109270035014757,,서울특별시 서초구 방배로19길 25,137843,6682,,1,,126.993690874112,37.4848437764076
MA010120220804265295,60계치킨암사,선사점,I2,음식,I210,기타 간이,I21006,치킨,I56193,치킨 전문점,11,서울특별시,11740,강동구,11740580,암사2동,1174010700,암사동,1174010700105020004,1,대지,502,4.0,서울특별시 강동구 암사동 502-4,117404172130,서울특별시 강동구 상암로3길,8,,1174010700105020004015779,암사동정웅빌딩,서울특별시 강동구 상암로3길 8,134877,5241,,1,,127.12685944831,37.5508103363035
MA010120220809658173,성심인력공사,,N1,시설관리·임대,N104,고용 알선,N10401,고용 알선업,N75110,고용 알선업,11,서울특별시,11170,용산구,11170530,남영동,1117010700,동자동,1117010700100430059,1,대지,43,59.0,서울특별시 용산구 동자동 43-59,111702005005,서울특별시 용산구 한강대로,385,,1117010700100430059022991,,서울특별시 용산구 한강대로 385,140821,4320,,,,126.9722395561,37.5528033564175
MA010120220808205276,칸토빈,,I2,음식,I212,비알코올 ,I21201,카페,I56221,커피 전문점,11,서울특별시,11500,강서구,11500620,공항동,1150010800,공항동,1150010800200200002,2,산,20,2.0,서울특별시 강서구 공항동 산 20-2,115003115005,서울특별시 강서구 방화동로,30,,1150010800200200002002536,공항시장역,서울특별시 강서구 방화동로 30,157240,7619,,1,,126.810493420523,37.5635475852734
MA010120220804370987,까치노래연습장,,R1,예술·스포츠,R104,유원지·오락,R10407,노래방,R91223,노래 연습장 운영업,11,서울특별시,11350,노원구,11350670,상계5동,1135010500,상계동,1135010500101690179,1,대지,169,179.0,서울특별시 노원구 상계동 169-179,113504130395,서울특별시 노원구 한글비석로23길,2,,1135010500101690179002482,,서울특별시 노원구 한글비석로23길 2,139815,1682,,,,127.071218433973,37.6607146876306
MA010120220810170381,금빛주얼리,,G2,소매,G217,시계·귀금속 소매,G21701,시계/귀금속 소매업,G47830,시계 및 귀금속 소매업,11,서울특별시,11110,종로구,11110615,종로1.2.3.4가동,1111015100,묘동,1111015100100880001,1,대지,88,1.0,서울특별시 종로구 묘동 88-1,111104100049,서울특별시 종로구 돈화문로10길,2,,1111015100100880001000001,종로주얼리타운,서울특별시 종로구 돈화문로10길 2,110370,3138,,1,,126.991860998911,37.5723309345668
MA010120220800218616,골든공인중개사사무소,,L1,부동산,L102,부동산 서비스,L10203,부동산 중개/대리업,L68221,부동산 중개 및 대리업,11,서울특별시,11440,마포구,11440730,성산2동,1144012500,성산동,1144012500105920002,1,대지,592,2.0,서울특별시 마포구 성산동 592-2,114404139505,서울특별시 마포구 월드컵로34길,6,,1144012500105920002027942,,서울특별시 마포구 월드컵로34길 6,121850,3938,,,,126.903066529849,37.5645698895175
MA010120220808410429,한솔부동산공인중개사사무소,,L1,부동산,L102,부동산 서비스,L10203,부동산 중개/대리업,L68221,부동산 중개 및 대리업,11,서울특별시,11500,강서구,11500590,화곡본동,1150010300,화곡동,1150010300101020040,1,대지,102,40.0,서울특별시 강서구 화곡동 102-40,115004145272,서울특별시 강서구 까치산로4길,60,,1150010300101020040016812,,서울특별시 강서구 까치산로4길 60,157872,7730,,1,,126.845888881778,37.5404164324802
MA010120220800970162,미다스,,G2,소매,G209,섬유·의복·신발 소매,G20905,기타 의류 소매업,G47416,가죽 및 모피 의복 소매업,11,서울특별시,11620,관악구,11620695,신림동,1162010200,신림동,1162010200114220005,1,대지,1422,5.0,서울특별시 관악구 신림동 1422-5,116203120005,서울특별시 관악구 신림로,340,,1162010200114220005013856,,서울특별시 관악구 신림로 340,151890,8754,,2,,126.930090897149,37.484760191633
MA010120220809640417,솜노래팡팡,,I2,음식,I211,주점,I21104,요리 주점,I56219,기타 주점업,11,서울특별시,11650,서초구,11650530,서초3동,1165010800,서초동,1165010800115770002,1,대지,1577,2.0,서울특별시 서초구 서초동 1577-2,116504163414,서울특별시 서초구 서초대로50길,75,,1165010800115770002022148,,서울특별시 서초구 서초대로50길 75,137875,6650,,1,,127.013851606041,37.4898617477459
MA010120220804301582,한양가구갤러리주,,G2,소매,G211,가구 소매,G21101,가구 소매업,G47520,가구 소매업,11,서울특별시,11710,송파구,11710680,잠실3동,1171010100,잠실동,1171010100100270005,1,대지,27,5.0,서울특별시 송파구 잠실동 27-5,117103123023,서울특별시 송파구 올림픽로,215,,1171010100100270005000276,중앙상가,서울특별시 송파구 올림픽로 215,138916,5503,,,,127.095046955001,37.514007314876
MA010120220805164097,미드제이,,G2,소매,G209,섬유·의복·신발 소매,G20902,여성 의류 소매업,G47412,여자용 겉옷 소매업,11,서울특별시,11215,광진구,11215760,중곡3동,1121510100,중곡동,1121510100101720055,1,대지,172,55.0,서울특별시 광진구 중곡동 172-55,112153005027,서울특별시 광진구 면목로,150,,1121510100101720055026240,,서울특별시 광진구 면목로 150,143900,4908,,1,,127.08185925513,37.5666806239634
MA010120220804484713,세마스포츠마케팅,,N1,시설관리·임대,N108,기타 사업 서비스,N10802,전시/컨벤션/행사 대행 서비스업,N75992,전시; 컨벤션 및 행사 대행업,11,서울특별시,11680,강남구,11680640,역삼1동,1168010100,역삼동,1168010100106290006,1,대지,629,6.0,서울특별시 강남구 역삼동 629-6,116804166726,서울특별시 강남구 테헤란로25길,47,,1168010100106290006022820,,서울특별시 강남구 테헤란로25길 47,135908,6126,,,,127.034403500666,37.5035708708366
MA010120220811919388,해뜨는약국,,G2,소매,G215,의약·화장품 소매,G21501,약국,G47811,의약품 및 의료용품 소매업,11,서울특별시,11590,동작구,11590530,상도1동,1159010300,상도1동,1159010300106210000,1,대지,621,,서울특별시 동작구 상도1동 621,115903005080,서울특별시 동작구 양녕로,281,,1159010300106210000029447,상도빌딩,서울특별시 동작구 양녕로 281,156830,6919,,1,,126.949468470182,37.5045832089003
MA010120220803750708,우성그린공인중개사사무소,,L1,부동산,L102,부동산 서비스,L10203,부동산 중개/대리업,L68221,부동산 중개 및 대리업,11,서울특별시,11230,동대문구,11230610,답십리2동,1123010500,답십리동,1123010500100010047,1,대지,1,47.0,서울특별시 동대문구 답십리동 1-47,112303005038,서울특별시 동대문구 한천로,145,,1123010500100010047019634,,서울특별시 동대문구 한천로 145,130800,2535,,1,,127.06670960373,37.5740062373208
MA010120220804161926,유정지식서비스센터,,M1,과학·기술,M107,본사·경영 컨설팅,M10703,경영 컨설팅업,M71531,경영 컨설팅업,11,서울특별시,11710,송파구,11710642,문정2동,1171010800,문정동,1171010800106510000,1,대지,651,,서울특별시 송파구 문정동 651,117102005011,서울특별시 송파구 송파대로,167,,1171010800103250003000001,문정역테라타워,서울특별시 송파구 송파대로 167,138888,5855,,,,127.12092458662,37.484655921223
MA010120220800992306,힐링세차장,,S2,수리·개인,S203,자동차 수리·세차,S20302,자동차 세차장,S95213,자동차 세차업,11,서울특별시,11620,관악구,11620605,은천동,1162010100,봉천동,1162010100109310016,1,대지,931,16.0,서울특별시 관악구 봉천동 931-16,116203005083,서울특별시 관악구 봉천로,376,,1162010100109310017040720,,서울특별시 관악구 봉천로 376,151843,8757,,,,126.941432741068,37.4831445430069
MA010120220804405973,오피스뱅크,,G2,소매,G213,오락용품 소매,G21302,문구/회화용품 소매업,G47612,문구용품 및 회화용품 소매업,11,서울특별시,11200,성동구,11200690,성수2가3동,1120011500,성수동2가,1120011500103000075,1,대지,300,75.0,서울특별시 성동구 성수동2가 300-75,112004109397,서울특별시 성동구 아차산로7길,3,,1120011500103000075004317,,서울특별시 성동구 아차산로7길 3,133834,4793,,,,127.054067183271,37.5456943728756
MA010120220803528167,변호사김병석법률사무소,,M1,과학·기술,M103,법무관련 ,M10301,변호사,M71101,변호사업,11,서울특별시,11650,서초구,11650531,서초4동,1165010800,서초동,1165010800116950001,1,대지,1695,1.0,서울특별시 서초구 서초동 1695-1,116504163711,서울특별시 서초구 서초중앙로26길,10,,1165010800116950001000002,청향빌딩,서울특별시 서초구 서초중앙로26길 10,137883,6604,,2,,127.014395448762,37.4955200081742
MA010120220813245508,요꼬양말,,G2,소매,G209,섬유·의복·신발 소매,G20903,유아용 의류 소매업,G47417,유아용 의류 소매업,11,서울특별시,11140,중구,11140540,회현동,1114011200,남창동,1114011200100440007,1,대지,44,7.0,서울특별시 중구 남창동 44-7,111404103022,서울특별시 중구 남대문시장8길,13,,1114011200100440004020794,,서울특별시 중구 남대문시장8길 13,100804,4529,,,,126.978642925491,37.5598685086139
MA010120220813275218,광주약국,,G2,소매,G215,의약·화장품 소매,G21501,약국,G47811,의약품 및 의료용품 소매업,11,서울특별시,11590,동작구,11590630,사당2동,1159010700,사당동,1159010700101340002,1,대지,134,2.0,서울특별시 동작구 사당동 134-2,115902005009,서울특별시 동작구 동작대로,127,,1159010700101340002009643,,서울특별시 동작구 동작대로 127,156816,7008,,1,,126.981942484332,37.4879690633662
MA010120220803589506,디자인가토,,G2,소매,G210,철물·건설자재 소매,G21003,건설/건축자재 소매업,G47519,페인트; 창호 및 기타 건설자재 소매업,11,서울특별시,11170,용산구,11170625,한강로동,1117012800,한강로3가,1117012800100650013,1,대지,65,13.0,서울특별시 용산구 한강로3가 65-13,111704106410,서울특별시 용산구 한강대로14나길,6,,1117012800100650013028935,,서울특별시 용산구 한강대로14나길 6,140883,4389,,,,126.964297977266,37.52296910274
MA010120220813301124,도봉비케이통신,,G2,소매,G208,가전·통신 소매,G20802,핸드폰 소매업,G47312,통신기기 소매업,11,서울특별시,11320,도봉구,11320521,도봉1동,1132010800,도봉동,1132010800106160019,1,대지,616,19.0,서울특별시 도봉구 도봉동 616-19,113203005039,서울특별시 도봉구 도봉로,767,,1132010800106160019012587,,서울특별시 도봉구 도봉로 767,132820,1309,,1,,127.043867045621,37.6729273064985
MA010120220800584984,테크노헬스,,R1,예술·스포츠,R103,스포츠 서비스,R10307,헬스장,R91132,체력 단련시설 운영업,11,서울특별시,11380,은평구,11380570,대조동,1138010600,대조동,1138010600100030081,1,대지,3,81.0,서울특별시 은평구 대조동 3-81,113803000008,서울특별시 은평구 통일로,751,,1138010600100030081000001,,서울특별시 은평구 통일로 751,122837,3396,,3,,126.927820227088,37.6118086324241
MA010120220803494326,DGI,,G2,소매,G209,섬유·의복·신발 소매,G20907,액세서리/잡화 소매업,G47422,의복 액세서리 및 모조 장신구 소매업,11,서울특별시,11140,중구,11140540,회현동,1114012400,충무로1가,1114012400100520041,1,대지,52,41.0,서울특별시 중구 충무로1가 52-41,111403101004,서울특별시 중구 소공로,58,,1114012200100010001000001,회현지하상가,서울특별시 중구 소공로 58,100011,4535,,1,,126.981845728231,37.5606619217915
MA010120220812811919,읏듬돈생삼겹살,,I2,음식,I201,한식,I20107,돼지고기 구이/찜,I56113,한식 육류 요리 전문점,11,서울특별시,11290,성북구,11290810,석관동,1129013900,석관동,1129013900103840023,1,대지,384,23.0,서울특별시 성북구 석관동 384-23,112904121784,서울특별시 성북구 화랑로40길,43,,1129013900103840023002884,,서울특별시 성북구 화랑로40길 43,136817,2781,,1,,127.064015338953,37.6135792815639
MA010120220804119412,솔잎약국,,G2,소매,G215,의약·화장품 소매,G21501,약국,G47811,의약품 및 의료용품 소매업,11,서울특별시,11680,강남구,11680675,개포3동,1168010300,개포동,1168010300100120004,1,대지,12,4.0,서울특별시 강남구 개포동 12-4,116803122001,서울특별시 강남구 개포로,615,,1168010300100120004019079,석탑프라자,서울특별시 강남구 개포로 615,135939,6335,,,,127.07559300589,37.4926585288077
MA010120220804288493,라움헤어,,S2,수리·개인,S207,이용·미용,S20701,미용실,S96112,두발 미용업,11,서울특별시,11350,노원구,11350630,상계1동,1135010500,상계동,1135010500112950000,1,대지,1295,,서울특별시 노원구 상계동 1295,113504130218,서울특별시 노원구 동일로230가길,15,,1135010500112950000009456,상계우방,서울특별시 노원구 동일로230가길 15,139947,1631,,1,,127.057185279129,37.6721827979283
MA010120220800778018,찬비,,S2,수리·개인,S207,이용·미용,S20701,미용실,S96112,두발 미용업,11,서울특별시,11650,서초구,11650590,방배본동,1165010100,방배동,1165010100107960018,1,대지,796,18.0,서울특별시 서초구 방배동 796-18,116504163276,서울특별시 서초구 방배로42길,56,,1165010100107960018015748,,서울특별시 서초구 방배로42길 56,137830,6584,,,,126.990874429753,37.4937365390368
MA010120220804170006,세무사박만선사무소,,M1,과학·기술,M104,회계·세무,M10402,세무사,M71202,세무사업,11,서울특별시,11650,서초구,11650510,서초1동,1165010800,서초동,1165010800116560002,1,대지,1656,2.0,서울특별시 서초구 서초동 1656-2,116503121024,서울특별시 서초구 서초중앙로,114,,1165010800116560003024480,일광빌딩,서울특별시 서초구 서초중앙로 114,137881,6634,,,,127.014292980499,37.4918799520053
MA010120220814255165,서울제이치과,,Q1,보건의료,Q102,의원,Q10210,치과의원,Q86202,치과의원,11,서울특별시,11500,강서구,11500611,발산1동,1150010600,내발산동,1150010600107500004,1,대지,750,4.0,서울특별시 강서구 내발산동 750-4,115003115007,서울특별시 강서구 수명로,76,,1150010600107500004000001,서울메디스테이트빌딩,서울특별시 강서구 수명로 76,157937,7635,,,,126.82627388436,37.5527599064368
MA010120220800002811,PRO.COM,,S2,수리·개인,S202,통신장비 수리,S20201,핸드폰/통신장비 수리업,S95120,통신장비 수리업,11,서울특별시,11110,종로구,11110615,종로1.2.3.4가동,1111015700,인의동,1111015700101120002,1,대지,112,2.0,서울특별시 종로구 인의동 112-2,111103005008,서울특별시 종로구 창경궁로,109,,1111015700101120002000001,세운스퀘어,서울특별시 종로구 창경궁로 109,110410,3137,,3,,126.9970794676,37.5723491989057
MA010120220800075837,허니비투어주,,N1,시설관리·임대,N105,여행사·보조,N10599,기타 여행 보조/예약 서비스업,N75290,기타 여행 보조 및 예약 서비스업,11,서울특별시,11110,종로구,11110530,사직동,1111011900,세종로,1111011900102110000,1,대지,211,,서울특별시 종로구 세종로 211,111102005001,서울특별시 종로구 세종대로,149,,1111012000101500000000347,,서울특별시 종로구 세종대로 149,110730,3186,,20,,126.976149871263,37.5695717604723
MA010120220811081579,모리노리,,G2,소매,G207,담배 소매,G20701,담배/전자담배 소매업,G47222,담배 소매업,11,서울특별시,11560,영등포구,11560550,당산1동,1156011300,당산동3가,1156011300102180000,1,대지,218,,서울특별시 영등포구 당산동3가 218,115604154111,서울특별시 영등포구 당산로32길,3,,1156011300102180000029080,,서울특별시 영등포구 당산로32길 3,150803,7257,,5,,126.897255702481,37.5264977769333
MA010120220813664313,아이뚜리,,G2,소매,G208,가전·통신 소매,G20801,컴퓨터/소프트웨어 소매업,G47311,컴퓨터 및 주변장치; 소프트웨어 소매업,11,서울특별시,11530,구로구,11530540,구로3동,1153010200,구로동,1153010200101700010,1,대지,170,10.0,서울특별시 구로구 구로동 170-10,115304148340,서울특별시 구로구 디지털로33길,48,,1153010200101700010022686,대륭포스트타워7차,서울특별시 구로구 디지털로33길 48,152847,8377,,9,,126.894505324382,37.4872565986083
MA010120220806699845,유명숯불갈비,,I2,음식,I201,한식,I20107,돼지고기 구이/찜,I56113,한식 육류 요리 전문점,11,서울특별시,11500,강서구,11500570,화곡4동,1150010300,화곡동,1150010300108390011,1,대지,839,11.0,서울특별시 강서구 화곡동 839-11,115003005063,서울특별시 강서구 곰달래로,233,,1150010300108390011020946,,서울특별시 강서구 곰달래로 233,157902,7738,,2,,126.858860516951,37.5319812697821
MA010120220802310737,안산소비조합,,G2,소매,G218,장식품 소매,G21802,기념품점,G47842,기념품; 관광 민예품 및 장식용품 소매업,11,서울특별시,11260,중랑구,11260600,중화1동,1126010300,중화동,1126010300101570008,1,대지,157,8.0,서울특별시 중랑구 중화동 157-8,112604118083,서울특별시 중랑구 동일로124길,70,4.0,1126010300101570008013241,,서울특별시 중랑구 동일로124길 70-4,131876,2094,,,,127.083005114381,37.5996471636244
MA010120220801006787,한유에너지행운주유소주,,G2,소매,G214,연료 소매,G21401,주유소,G47711,운송장비용 주유소 운영업,11,서울특별시,11620,관악구,11620575,행운동,1162010100,봉천동,1162010100116790030,1,대지,1679,30.0,서울특별시 관악구 봉천동 1679-30,116202000003,서울특별시 관악구 남부순환로,1883,,1162010100116790030032683,,서울특별시 관악구 남부순환로 1883,151849,8742,,,,126.959163410228,37.4790974613739
MA010120220803946321,헤어클릭,,S2,수리·개인,S207,이용·미용,S20701,미용실,S96112,두발 미용업,11,서울특별시,11320,도봉구,11320511,창1동,1132010700,창동,1132010700103800001,1,대지,380,1.0,서울특별시 도봉구 창동 380-1,113203000004,서울특별시 도봉구 덕릉로,358,,1132010700103800001018419,주공종합상가,서울특별시 도봉구 덕릉로 358,132911,1488,,2,,127.048790971908,37.6451210768733
MA010120220805014005,네일은조이,,S2,수리·개인,S207,이용·미용,S20703,네일숍,S96119,기타 미용업,11,서울특별시,11620,관악구,11620615,중앙동,1162010100,봉천동,1162010100100490001,1,대지,49,1.0,서울특별시 관악구 봉천동 49-1,116204160711,서울특별시 관악구 중앙길,35,2.0,1162010100100490001026307,우측,서울특별시 관악구 중앙길 35-2,151811,8746,,1,,126.952523606073,37.4843028110938
MA010120220809620318,동원기사식당,,I2,음식,I201,한식,I20101,백반/한정식,I56111,한식 일반 음식점업,11,서울특별시,11470,양천구,11470680,신정7동,1147010100,신정동,1147010100102100006,1,대지,210,6.0,서울특별시 양천구 신정동 210-6,114703005065,서울특별시 양천구 목동남로,64,1.0,1147010100102100006000001,,서울특별시 양천구 목동남로 64-1,158851,8101,,1,,126.866491867707,37.5096452863503
MA010120220811885350,아이보리,,I1,숙박,I101,일반 숙박,I10103,펜션,I55104,민박업,11,서울특별시,11170,용산구,11170650,이태원1동,1117013000,이태원동,1117013000101280015,1,대지,128,15.0,서울특별시 용산구 이태원동 128-15,111704106127,서울특별시 용산구 보광로59길,10,,1117013000101280015009763,,서울특별시 용산구 보광로59길 10,140865,4391,,,,126.993505706614,37.5340386219303
MA010120220802888049,기승전牛우,,I2,음식,I201,한식,I20107,돼지고기 구이/찜,I56113,한식 육류 요리 전문점,11,서울특별시,11110,종로구,11110530,사직동,1111011400,내자동,1111011400101720001,1,대지,172,1.0,서울특별시 종로구 내자동 172-1,111104100135,서울특별시 종로구 사직로8길,15,3.0,1111011400101720001028524,,서울특별시 종로구 사직로8길 15-3,110054,3169,,1,,126.970476692862,37.5749494184575
MA010120220808176530,합정숯불갈비,,I2,음식,I201,한식,I20107,돼지고기 구이/찜,I56113,한식 육류 요리 전문점,11,서울특별시,11440,마포구,11440680,합정동,1144012200,합정동,1144012200103870005,1,대지,387,5.0,서울특별시 마포구 합정동 387-5,114404139507,서울특별시 마포구 월드컵로3길,31,5.0,1144012200103870005012815,,서울특별시 마포구 월드컵로3길 31-5,121885,4025,,1,,126.911052118598,37.5500881429277
MA010120220809571017,변호사백승미법률사무소,,M1,과학·기술,M103,법무관련 ,M10301,변호사,M71101,변호사업,11,서울특별시,11710,송파구,11710642,문정2동,1171010800,문정동,1171010800106510010,1,대지,651,10.0,서울특별시 송파구 문정동 651-10,117103350849,서울특별시 송파구 법원로,92,,1171010800103390000000001,파트너스1,서울특별시 송파구 법원로 92,138888,5855,,2,,127.121194402856,37.4837005762632
MA010120220808063743,꾸어구어,,I2,음식,I201,한식,I20111,횟집,I56114,한식 해산물 요리 전문점,11,서울특별시,11320,도봉구,11320700,방학2동,1132010600,방학동,1132010600106420028,1,대지,642,28.0,서울특별시 도봉구 방학동 642-28,113204127080,서울특별시 도봉구 도당로19길,19,,1132010600106420028002374,,서울특별시 도봉구 도당로19길 19,132844,1348,,1,,127.039126322252,37.6679195256519
MA010120220807905098,플레이팩토수학교습소,,P1,교육,P105,일반 교육,P10501,입시·교과학원,P85501,일반 교과학원,11,서울특별시,11590,동작구,11590660,대방동,1159010800,대방동,1159010800105010000,1,대지,501,,서울특별시 동작구 대방동 501,115903118028,서울특별시 동작구 여의대방로,250,,1159010800105010000005235,대림아파트,서울특별시 동작구 여의대방로 250,156761,6943,,3,,126.924618406713,37.507327040319
MA010120220800268268,신도OA,,N1,시설관리·임대,N111,산업용품 대여,N11102,컴퓨터/사무기기 대여업,N76320,컴퓨터 및 사무용 기계ㆍ장비 임대업,11,서울특별시,11170,용산구,11170530,남영동,1117010400,갈월동,1117010400100510002,1,대지,51,2.0,서울특별시 용산구 갈월동 51-2,111704106057,서울특별시 용산구 두텁바위로1길,50,,1117010400100510002000040,,서울특별시 용산구 두텁바위로1길 50,140804,4335,,1,,126.97481068048,37.5463257535375
MA010120220814281351,뮤즈의원,,Q1,보건의료,Q102,의원,Q10204,피부/비뇨기과 의원,Q86201,일반의원,11,서울특별시,11140,중구,11140540,회현동,1114012400,충무로1가,1114012400100250005,1,대지,25,5.0,서울특별시 중구 충무로1가 25-5,111403101011,서울특별시 중구 퇴계로,97,,1114012400100250005019980,,서울특별시 중구 퇴계로 97,100706,4535,,3,,126.982547382568,37.5609593565434
MA010120220802173210,모아부동산공인중개사사무소,,L1,부동산,L102,부동산 서비스,L10203,부동산 중개/대리업,L68221,부동산 중개 및 대리업,11,서울특별시,11200,성동구,11200670,성수2가1동,1120011500,성수동2가,1120011500103210017,1,대지,321,17.0,서울특별시 성동구 성수동2가 321-17,112004109355,서울특별시 성동구 성수이로7길,34,,1120011500103210017005541,,서울특별시 성동구 성수이로7길 34,133827,4781,,1,,127.053770376035,37.5420815011677
MA010120220803750206,에버레저,,N1,시설관리·임대,N110,가정용품 대여,N11001,스포츠/레크리에이션 용품 대여업,N76210,스포츠 및 레크리에이션 용품 임대업,11,서울특별시,11215,광진구,11215810,광장동,1121510400,광장동,1121510400101480011,1,대지,148,11.0,서울특별시 광진구 광장동 148-11,112153000002,서울특별시 광진구 아차산로,634,,1121510400101480011024674,대오빌딩,서울특별시 광진구 아차산로 634,143802,4969,,4,,127.108308861223,37.5489907733315
MA010120220812914468,빽다방구산역점,,I2,음식,I212,비알코올 ,I21201,카페,I56221,커피 전문점,11,서울특별시,11380,은평구,11380560,구산동,1138010500,구산동,1138010500100010015,1,대지,1,15.0,서울특별시 은평구 구산동 1-15,113803111006,서울특별시 은평구 연서로,129,,1138010500100010015029658,좌측호,서울특별시 은평구 연서로 129,122819,3412,,1,,126.916688383878,37.6104768451556
MA010120220804099168,소문난참숯구이닭발,,I2,음식,I211,주점,I21104,요리 주점,I56219,기타 주점업,11,서울특별시,11710,송파구,11710632,가락2동,1171010700,가락동,1171010700101890007,1,대지,189,7.0,서울특별시 송파구 가락동 189-7,117104169132,서울특별시 송파구 문정로11길,13,,1171010700101890007005942,,서울특별시 송파구 문정로11길 13,138812,5782,,,,127.134237019463,37.4934984463885
MA010120220813713894,크린토피아도봉,,S2,수리·개인,S209,세탁,S20901,세탁소,S96912,가정용 세탁업,11,서울특별시,11320,도봉구,11320512,창2동,1132010700,창동,1132010700106300024,1,대지,630,24.0,서울특별시 도봉구 창동 630-24,113204127102,서울특별시 도봉구 도봉로110라길,70,17.0,1132010700106300024016807,,서울특별시 도봉구 도봉로110라길 70-17,132921,1462,,1,,127.035373849657,37.6423688514924
MA010120220809207621,오프스튜디오,,M1,과학·기술,M109,기술 서비스,M10901,건축 설계 및 관련 서비스업,M72111,건축 설계 및 관련 서비스업,11,서울특별시,11170,용산구,11170685,한남동,1117013100,한남동,1117013100107580033,1,대지,758,33.0,서울특별시 용산구 한남동 758-33,111704106215,서울특별시 용산구 우사단로10길,87,,1117013100107580033005678,오프스튜디오,서울특별시 용산구 우사단로10길 87,140911,4408,,1,,127.000237589955,37.5321016479606
MA010120220813385524,지에스25묵동,제일점,G2,소매,G204,종합 소매,G20405,편의점,G47122,체인화 편의점,11,서울특별시,11260,중랑구,11260630,묵2동,1126010400,묵동,1126010400102500039,1,대지,250,39.0,서울특별시 중랑구 묵동 250-39,112604118103,서울특별시 중랑구 동일로143길,24,,1126010400102500039032336,,서울특별시 중랑구 동일로143길 24,131853,2013,,1,,127.077247086737,37.6053543408841
MA010120220813679579,지쿠터,,G2,소매,G203,모터사이클 소매,G20301,모터사이클 및 부품 소매업,G47911,전자상거래 소매 중개업,11,서울특별시,11215,광진구,11215870,구의3동,1121510300,구의동,1121510300105470008,1,대지,547,8.0,서울특별시 광진구 구의동 547-8,112154112003,서울특별시 광진구 강변역로4길,68,,1121510300105470008009826,리젠트오피스텔,서울특별시 광진구 강변역로4길 68,143709,5116,,8,,127.092604115271,37.5325969318539
MA010120220803658149,롯데백화점샘에델만,영등포점,G2,소매,G209,섬유·의복·신발 소매,G20910,신발 소매업,G47430,신발 소매업,11,서울특별시,11560,영등포구,11560515,영등포본동,1156010100,영등포동,1156010100106180496,1,대지,618,496.0,서울특별시 영등포구 영등포동 618-496,115603000028,서울특별시 영등포구 경인로,846,,1156010100106180501000001,영등포롯데백화점,서울특별시 영등포구 경인로 846,150899,7306,,5,,126.907665657018,37.5156673130525
MA010120220812186580,홍콩반점0410신정네거리역점,,I2,음식,I202,중식,I20201,중국집,I56121,중식 음식점업,11,서울특별시,11470,양천구,11470620,신정1동,1147010100,신정동,1147010100110320010,1,대지,1032,10.0,서울특별시 양천구 신정동 1032-10,114703005068,서울특별시 양천구 중앙로,254,,1147010100110320010004138,,서울특별시 양천구 중앙로 254,158071,8082,,2,,126.853658574917,37.5191717077437
MA010120220804223807,지원파트너스건축사사무소주,,M1,과학·기술,M109,기술 서비스,M10901,건축 설계 및 관련 서비스업,M72111,건축 설계 및 관련 서비스업,11,서울특별시,11650,서초구,11650530,서초3동,1165010800,서초동,1165010800115970002,1,대지,1597,2.0,서울특별시 서초구 서초동 1597-2,116503121014,서울특별시 서초구 사임당로,28,,1165010800115970002021921,나이스빌딩,서울특별시 서초구 사임당로 28,137876,6651,,,,127.013184095349,37.4877444557172
MA010120220804203885,남궁야오리,,I2,음식,I201,한식,I20101,백반/한정식,I56111,한식 일반 음식점업,11,서울특별시,11650,서초구,11650610,방배2동,1165010100,방배동,1165010100104510006,1,대지,451,6.0,서울특별시 서초구 방배동 451-6,116504163165,서울특별시 서초구 방배천로4안길,10,,1165010100104510006025093,명칭없음,서울특별시 서초구 방배천로4안길 10,137818,6692,,,,126.983380597713,37.4784636328203
MA010120220810251143,타카라,,I2,음식,I203,일식,I20301,일식 회/초밥,I56122,일식 음식점업,11,서울특별시,11680,강남구,11680545,압구정동,1168010700,신사동,1168010700106590000,1,대지,659,,서울특별시 강남구 신사동 659,116804166525,서울특별시 강남구 압구정로48길,15,,1168010700106590000009760,대원칸타빌,서울특별시 강남구 압구정로48길 15,135897,6018,,1,,127.037242778974,37.5275276981538
MA010120220812471895,다이나핏롯데관악점,백화점,G2,소매,G209,섬유·의복·신발 소매,G20905,기타 의류 소매업,G47419,기타 의복 소매업,11,서울특별시,11620,관악구,11620525,보라매동,1162010100,봉천동,1162010100107290022,1,대지,729,22.0,서울특별시 관악구 봉천동 729-22,116204160384,서울특별시 관악구 보라매로3길,31,,1162010100107290022000029,보라매롯데캐슬,서울특별시 관악구 보라매로3길 31,151707,8708,,5,,126.925087570509,37.4905506054514
MA010120220806625053,에이에이치이엔씨,,M1,과학·기술,M109,기술 서비스,M10901,건축 설계 및 관련 서비스업,M72111,건축 설계 및 관련 서비스업,11,서울특별시,11680,강남구,11680700,세곡동,1168011200,자곡동,1168011200106490000,1,대지,649,,서울특별시 강남구 자곡동 649,116803122014,서울특별시 강남구 자곡로,174,10.0,1168011200106490000000001,강남에이스타워,서울특별시 강남구 자곡로 174-10,135190,6373,,,,127.103009718486,37.4726714587369
MA010120220700009278,경희궁삼성마취통증의학과의원,,Q1,보건의료,Q102,의원,Q10201,내과/소아과 의원,Q86201,일반의원,11,서울특별시,11410,서대문구,11410565,충현동,1141010100,충정로2가,1141010100100020002,1,대지,2,2.0,서울특별시 서대문구 충정로2가 2-2,114103000008,서울특별시 서대문구 통일로,135,,1141010100100020002030829,충정빌딩,서울특별시 서대문구 통일로 135,120721,3735,,2,,126.965454423419,37.5664246403469
MA010120220700004173,수미상회,,G2,소매,G205,식료품 소매,G20506,채소/과일 소매업,G47215,채소; 과실 및 뿌리작물 소매업,11,서울특별시,11680,강남구,11680521,논현1동,1168010800,논현동,1168010800101450016,1,대지,145,16.0,서울특별시 강남구 논현동 145-16,116804166805,서울특별시 강남구 학동로4길,35,,1168010800101450016008520,,서울특별시 강남구 학동로4길 35,135825,6114,,1,,127.023977934571,37.5091776989989
MA010120220700020351,보라매삼성정형외과의원,,Q1,보건의료,Q102,의원,Q10201,내과/소아과 의원,Q86201,일반의원,11,서울특별시,11590,동작구,11590680,신대방2동,1159010900,신대방동,1159010900103950069,1,대지,395,69.0,서울특별시 동작구 신대방동 395-69,115904157219,서울특별시 동작구 보라매로5가길,16,,1159010900103950069000692,보라매아카데미타워,서울특별시 동작구 보라매로5가길 16,156713,7071,,4,,126.924103022482,37.4913338534189
MA010120220700012577,금천삼성본정형외과의원,,Q1,보건의료,Q102,의원,Q10201,내과/소아과 의원,Q86201,일반의원,11,서울특별시,11545,금천구,11545670,시흥1동,1154510300,시흥동,1154510300109940009,1,대지,994,9.0,서울특별시 금천구 시흥동 994-9,115452005010,서울특별시 금천구 시흥대로,225,,1154510300109940009004400,,서울특별시 금천구 시흥대로 225,153864,8632,,5,,126.900463291435,37.4537892366083
MA010120220805192884,브라카주,코리아,M1,과학·기술,M115,기타 전문 과학,M11504,사업/무형 재산권 중개업,M73903,사업 및 무형 재산권 중개업,11,서울특별시,11410,서대문구,11410615,연희동,1141011700,연희동,1141011700101680000,1,대지,168,,서울특별시 서대문구 연희동 168,114104136288,서울특별시 서대문구 연희로36길,27,,1141011700101680000017751,삼성빌라,서울특별시 서대문구 연희로36길 27,120826,3718,,5,,126.937418657147,37.5782972310054
MA010120220806756439,해봄음악교습소,,P1,교육,P106,기타 교육,P10609,음악학원,P85621,음악학원,11,서울특별시,11680,강남구,11680720,일원본동,1168011400,일원동,1168011400107390000,1,대지,739,,서울특별시 강남구 일원동 739,116804166070,서울특별시 강남구 광평로10길,50,,1168011400107390000003101,청솔빌리지,서울특별시 강남구 광평로10길 50,135941,6363,,1,,127.083246865725,37.4810664221002
MA010120220812818076,피피렌탈,,N1,시설관리·임대,N110,가정용품 대여,N11001,스포츠/레크리에이션 용품 대여업,N76210,스포츠 및 레크리에이션 용품 임대업,11,서울특별시,11410,서대문구,11410615,연희동,1141011700,연희동,1141011700101690014,1,대지,169,14.0,서울특별시 서대문구 연희동 169-14,114103112019,서울특별시 서대문구 연희로,251,,1141011700101690014018959,,서울특별시 서대문구 연희로 251,120827,3660,,1,,126.935878002559,37.5794947260984
MA010120220806783378,하이24은평뉴타운점,,G2,소매,G204,종합 소매,G20405,편의점,G47122,체인화 편의점,11,서울특별시,11380,은평구,11380690,진관동,1138011400,진관동,1138011400100220000,1,대지,22,,서울특별시 은평구 진관동 22,113803111011,서울특별시 은평구 진관3로,67,,1138011400100400023000002,구파발삼성래미안9단지,서울특별시 은평구 진관3로 67,122739,3301,,1,,126.9209352953,37.6427621143153
MA010120220800631541,시크릿헤어,,S2,수리·개인,S207,이용·미용,S20701,미용실,S96112,두발 미용업,11,서울특별시,11305,강북구,11305534,삼양동,1130510100,미아동,1130510100107913449,1,대지,791,3449.0,서울특별시 강북구 미아동 791-3449,113053108002,서울특별시 강북구 솔매로,2,,1130510100107913449033676,,서울특별시 강북구 솔매로 2,142823,1180,,1,,127.012585265186,37.6249934698281
MA010120220800168282,호텔스카이파크명동지점,,I1,숙박,I101,일반 숙박,I10102,여관/모텔,I55102,여관업,11,서울특별시,11140,중구,11140550,명동,1114010500,을지로2가,1114010500101950008,1,대지,195,8.0,서울특별시 중구 을지로2가 195-8,111404103164,서울특별시 중구 명동9길,22,,1114010500101950008019443,,서울특별시 중구 명동9길 22,100845,4538,,,,126.985047903875,37.564933094213
MA010120220700024169,도곡상회,,G2,소매,G205,식료품 소매,G20501,곡물/곡분 소매업,G47211,곡물; 곡분 및 가축 사료 소매업,11,서울특별시,11680,강남구,11680650,역삼2동,1168010100,역삼동,1168010100107650005,1,대지,765,5.0,서울특별시 강남구 역삼동 765-5,116804166485,서울특별시 강남구 선릉로63길,7,,1168010100107650005024374,,서울특별시 강남구 선릉로63길 7,135927,6218,,2,,127.05173662026,37.497275529502
MA010120220700013630,청담경일태권도,,P1,교육,P106,기타 교육,P10601,태권도/무술학원,P85613,레크리에이션 교육기관,11,서울특별시,11680,강남구,11680565,청담동,1168010400,청담동,1168010400101230044,1,대지,123,44.0,서울특별시 강남구 청담동 123-44,116804166538,서울특별시 강남구 압구정로79길,35,,1168010400101230044017631,,서울특별시 강남구 압구정로79길 35,135955,6012,,1,,127.050070457875,37.5254416418225
MA010120220700002183,기쁨내과,,Q1,보건의료,Q102,의원,Q10201,내과/소아과 의원,Q86201,일반의원,11,서울특별시,11740,강동구,11740660,성내3동,1174010800,성내동,1174010800104400000,1,대지,440,,서울특별시 강동구 성내동 440,117402000006,서울특별시 강동구 양재대로,1319,,1174010800104400000004039,대성빌딩,서울특별시 강동구 양재대로 1319,134846,5408,,6,,127.134439064819,37.5241954271851
MA010120220700004115,성모탑정형외과의원,,Q1,보건의료,Q102,의원,Q10201,내과/소아과 의원,Q86201,일반의원,11,서울특별시,11440,마포구,11440590,용강동,1144010400,도화동,1144010400105440000,1,대지,544,,서울특별시 마포구 도화동 544,114403113022,서울특별시 마포구 큰우물로,76,,1144010400105440000003652,고려,서울특별시 마포구 큰우물로 76,121704,4167,,1,,126.945947690867,37.5407659129121
MA010120220806903716,맹커피숍,,I2,음식,I212,비알코올 ,I21201,카페,I56229,기타 비알코올 음료점업,11,서울특별시,11380,은평구,11380570,대조동,1138010600,대조동,1138010600100120012,1,대지,12,12.0,서울특별시 은평구 대조동 12-12,113803111004,서울특별시 은평구 불광로,27,,1138010600100120032025831,,서울특별시 은평구 불광로 27,122837,3396,,지,,126.928817890541,37.6107731011514
MA010120220814079672,원스포츠클럽,,P1,교육,P106,기타 교육,P10603,요가/필라테스 학원,P85612,기타 스포츠 교육기관,11,서울특별시,11620,관악구,11620545,청림동,1162010100,봉천동,1162010100117170003,1,대지,1717,3.0,서울특별시 관악구 봉천동 1717-3,116204160740,서울특별시 관악구 청림6길,3,,1162010100117170003000001,관악푸르지오상가,서울특별시 관악구 청림6길 3,151053,8734,,,,126.959938994031,37.487558197799
MA010120220807887159,호작,,M1,과학·기술,M112,전문 디자인,M11203,시각 디자인업,M73203,시각 디자인업,11,서울특별시,11290,성북구,11290705,종암동,1129013500,종암동,1129013500100080229,1,대지,8,229.0,서울특별시 성북구 종암동 8-229,112904121651,서울특별시 성북구 종암로10길,45,,1129013500100080229020947,서원주택,서울특별시 성북구 종암로10길 45,136858,2800,,2,,127.037922153495,37.595678868729
MA010120220700018002,감자와눈사람여성의원,,Q1,보건의료,Q102,의원,Q10201,내과/소아과 의원,Q86201,일반의원,11,서울특별시,11500,강서구,11500603,가양1동,1150010500,마곡동,1150010500107590002,1,대지,759,2.0,서울특별시 강서구 마곡동 759-2,115003155051,서울특별시 강서구 마곡중앙5로,22,,1150010500107590002000001,,서울특별시 강서구 마곡중앙5로 22,157805,7788,,5,,126.825300759838,37.5672464841078
MA010120220700015140,근이네야채가게,,G2,소매,G205,식료품 소매,G20506,채소/과일 소매업,G47215,채소; 과실 및 뿌리작물 소매업,11,서울특별시,11305,강북구,11305535,미아동,1130510100,미아동,1130510100103010062,1,대지,301,62.0,서울특별시 강북구 미아동 301-62,113053108002,서울특별시 강북구 솔매로,90,1.0,1130510100103010062030811,,서울특별시 강북구 솔매로 90-1,142812,1169,,1,,127.022259317931,37.6251632289839
MA010120220700025652,하늘이네,,G2,소매,G205,식료품 소매,G20506,채소/과일 소매업,G47215,채소; 과실 및 뿌리작물 소매업,11,서울특별시,11350,노원구,11350695,상계6.7동,1135010500,상계동,1135010500107460005,1,대지,746,5.0,서울특별시 노원구 상계동 746-5,113503000001,서울특별시 노원구 동일로,1355,,1135010500107460005001167,상계주공2단지,서울특별시 노원구 동일로 1355,139831,1763,,1,,127.061315425114,37.6497192577366
MA010120220700034470,마포청과,,G2,소매,G205,식료품 소매,G20506,채소/과일 소매업,G47215,채소; 과실 및 뿌리작물 소매업,11,서울특별시,11440,마포구,11440585,도화동,1144010700,마포동,1144010700101880001,1,대지,188,1.0,서울특별시 마포구 마포동 188-1,114404139164,서울특별시 마포구 마포대로4길,12,,1144010700101880001004184,,서울특별시 마포구 마포대로4길 12,121812,4176,,1,,126.94627722543,37.5388199034253
MA010120220700013080,예성피아노교습소,,P1,교육,P106,기타 교육,P10609,음악학원,P85613,레크리에이션 교육기관,11,서울특별시,11290,성북구,11290660,길음1동,1129013400,길음동,1129013400112760000,1,대지,1276,,서울특별시 성북구 길음동 1276,112903107003,서울특별시 성북구 동소문로,248,,1129013400112760000026337,돈암삼부아파트,서울특별시 성북구 동소문로 248,136757,2735,,2,,127.02456307137,37.6034669660448
MA010120220700021341,플라톤아카데미불광독서논술교습소,,P1,교육,P105,일반 교육,P10501,입시·교과학원,P85501,일반 교과학원,11,서울특별시,11380,은평구,11380520,불광1동,1138010300,불광동,1138010300106010003,1,대지,601,3.0,서울특별시 은평구 불광동 601-3,113804133087,서울특별시 은평구 불광로2길,6,1.0,1138010300106010003040246,우호,서울특별시 은평구 불광로2길 6-1,122871,3368,,1,,126.932441130317,37.6118654275799
MA010120220700034379,강서척정형외과,,Q1,보건의료,Q102,의원,Q10201,내과/소아과 의원,Q86201,일반의원,11,서울특별시,11500,강서구,11500591,화곡6동,1150010300,화곡동,1150010300109980009,1,대지,998,9.0,서울특별시 강서구 화곡동 998-9,115003005069,서울특별시 강서구 화곡로,301,,1150010300109980009015820,원풍빌딩,서울특별시 강서구 화곡로 301,157916,7686,,2,,126.848786211023,37.5512862175553
MA010120220700027238,프레쉬과일,,G2,소매,G205,식료품 소매,G20506,채소/과일 소매업,G47215,채소; 과실 및 뿌리작물 소매업,11,서울특별시,11215,광진구,11215750,중곡2동,1121510100,중곡동,1121510100100410037,1,대지,41,37.0,서울특별시 광진구 중곡동 41-37,112153104007,서울특별시 광진구 능동로,356,,1121510100100410037000478,,서울특별시 광진구 능동로 356,143885,4921,,,,127.08192105209,37.5610944051846
MA010120220700012530,참튼튼병원,,Q1,보건의료,Q101,병원,Q10102,일반병원,Q86102,일반병원,11,서울특별시,11530,구로구,11530540,구로3동,1153010200,구로동,1153010200111260034,1,대지,1126,34.0,서울특별시 구로구 구로동 1126-34,115302005010,서울특별시 구로구 시흥대로,547,,1153010200111260034000001,금강빌딩,서울특별시 구로구 시흥대로 547,152880,8392,,,,126.900391782974,37.4821349719258
MA010120220700001496,가양성모내과의원,,Q1,보건의료,Q102,의원,Q10201,내과/소아과 의원,Q86201,일반의원,11,서울특별시,11500,강서구,11500520,등촌1동,1150010200,등촌동,1150010200106280006,1,대지,628,6.0,서울특별시 강서구 등촌동 628-6,115004145550,서울특별시 강서구 화곡로68길,3,,1150010200106280006027141,,서울특별시 강서구 화곡로68길 3,157838,7548,,,,126.854734006208,37.5595828561691
MA010120220700024552,온유마취통증의학과의원,,Q1,보건의료,Q102,의원,Q10201,내과/소아과 의원,Q86201,일반의원,11,서울특별시,11140,중구,11140550,명동,1114010600,남대문로1가,1114010600100270001,1,대지,27,1.0,서울특별시 중구 남대문로1가 27-1,111403101006,서울특별시 중구 을지로,51,,1114010500100060000019258,,서울특별시 중구 을지로 51,100091,4539,,4,,126.983677992578,37.5664916359649
MA010120220700027314,성모튼튼신경외과의원,,Q1,보건의료,Q102,의원,Q10201,내과/소아과 의원,Q86201,일반의원,11,서울특별시,11380,은평구,11380690,진관동,1138011400,진관동,1138011400100690000,1,대지,69,,서울특별시 은평구 진관동 69,113803111011,서울특별시 은평구 진관3로,20,,1138011400100690000000001,메디컬,서울특별시 은평구 진관3로 20,122200,3306,,3,,126.918899977154,37.6389135296135
MA010120220700031782,공릉성모마취통증의학과의원,,Q1,보건의료,Q102,의원,Q10201,내과/소아과 의원,Q86201,일반의원,11,서울특별시,11350,노원구,11350600,공릉2동,1135010300,공릉동,1135010300104080006,1,대지,408,6.0,서울특별시 노원구 공릉동 408-6,113503005050,서울특별시 노원구 공릉로,181,,1135010300104080006014661,외,서울특별시 노원구 공릉로 181,139804,1835,,4,,127.079454701569,37.6259494657443
MA010120220700013369,리얼원미디어,,M1,과학·기술,M115,기타 전문 과학,M11502,번역/통역 서비스업,M73902,번역 및 통역 서비스업,11,서울특별시,11620,관악구,11620575,행운동,1162010100,봉천동,1162010100100290022,1,대지,29,22.0,서울특별시 관악구 봉천동 29-22,116204160748,서울특별시 관악구 행운1마길,16,,1162010100100300025033206,,서울특별시 관악구 행운1마길 16,151809,8737,,,,126.955509027249,37.4834930653481
MA010120220700003416,삼성마음친구정신건강의학과,,Q1,보건의료,Q102,의원,Q10201,내과/소아과 의원,Q86201,일반의원,11,서울특별시,11680,강남구,11680750,수서동,1168011500,수서동,1168011500107140000,1,대지,714,,서울특별시 강남구 수서동 714,116804166081,서울특별시 강남구 광평로51길,8,,1168011500107140000026893,로얄프라자,서울특별시 강남구 광평로51길 8,135884,6349,,2,,127.102488521688,37.488367483961
MA010120220700029125,장안통증의학과의원,,Q1,보건의료,Q102,의원,Q10201,내과/소아과 의원,Q86201,일반의원,11,서울특별시,11230,동대문구,11230650,장안1동,1123010600,장안동,1123010600103360000,1,대지,336,,서울특별시 동대문구 장안동 336,112303105011,서울특별시 동대문구 장안벚꽃로,107,,1123010600103360000016110,장안현대홈타운,서울특별시 동대문구 장안벚꽃로 107,130719,2638,,3,,127.076362734593,37.5711172043931
MA010120220700027479,푸영어교습소,,P1,교육,P105,일반 교육,P10501,입시·교과학원,P85631,외국어학원,11,서울특별시,11410,서대문구,11410660,홍은1동,1141011800,홍은동,1141011800100370003,1,대지,37,3.0,서울특별시 서대문구 홍은동 37-3,114104136176,서울특별시 서대문구 세검정로1길,113,,1141011800100370003013135,,서울특별시 서대문구 세검정로1길 113,120101,3611,,1,,126.946146005972,37.5953753474851
MA010120220700004702,강남연세안과의원,,Q1,보건의료,Q102,의원,Q10201,내과/소아과 의원,Q86201,일반의원,11,서울특별시,11680,강남구,11680640,역삼1동,1168010100,역삼동,1168010100107050030,1,대지,705,30.0,서울특별시 강남구 역삼동 705-30,116803122010,서울특별시 강남구 테헤란로,339,,1168010100107050029022378,,서울특별시 강남구 테헤란로 339,135922,6150,,4,,127.048597731645,37.5048182816766
MA010120220700016121,다인정형외과의원,,Q1,보건의료,Q102,의원,Q10201,내과/소아과 의원,Q86201,일반의원,11,서울특별시,11740,강동구,11740660,성내3동,1174010800,성내동,1174010800104150008,1,대지,415,8.0,서울특별시 강동구 성내동 415-8,117402000006,서울특별시 강동구 양재대로,1377,,1174010800104150008003942,삼원빌딩,서울특별시 강동구 양재대로 1377,134844,5376,,3,,127.136258222106,37.5292209301351
